[
  {
    "name": "New York-Newark-Jersey City, NY-NJ-PA",
    "population": 15938725,
    "state": "New York",
    "limit": 200,
    "price": 0.4
  },
  {
    "name": "Los Angeles-Long Beach-Anaheim, CA",
    "population": 10479449,
    "state": "California",
    "limit": 150,
    "price": 0.4
  },
  {
    "name": "Chicago-Naperville-Elgin, IL-IN-WI",
    "population": 7488708,
    "state": "Illinois",
    "limit": 100,
    "price": 0.4
  },
  {
    "name": "Dallas-Fort Worth-Arlington, TX",
    "population": 5708411,
    "state": "Texas",
    "limit": 50,
    "price": 0.2
  },
  {
    "name": "Houston-The Woodlands-Sugar Land, TX",
    "population": 5285307,
    "state": "Texas",
    "limit": 50,
    "price": 0.2
  },
  {
    "name": "Washington-Arlington-Alexandria, DC-VA-MD-WV",
    "population": 4939663,
    "state": "Virginia",
    "limit": 50,
    "price": 0.2
  },
  {
    "name": "Miami-Fort Lauderdale-Pompano Beach, FL",
    "population": 4933282,
    "state": "Florida",
    "limit": 50,
    "price": 0.2
  },
  {
    "name": "Philadelphia-Camden-Wilmington, PA-NJ-DE-MD",
    "population": 4920471,
    "state": "Pennsylvania",
    "limit": 50,
    "price": 0.2
  },
  {
    "name": "Atlanta-Sandy Springs-Alpharetta, GA",
    "population": 4654322,
    "state": "Georgia",
    "limit": 50,
    "price": 0.2
  },
  {
    "name": "Boston-Cambridge-Newton, MA-NH",
    "population": 3983267,
    "state": "Massachusetts",
    "limit": 50,
    "price": 0.2
  },
  {
    "name": "San Francisco-Oakland-Berkeley, CA",
    "population": 3821485,
    "state": "California",
    "limit": 50,
    "price": 0.2
  },
  {
    "name": "Phoenix-Mesa-Chandler, AZ",
    "population": 3708026,
    "state": "Arizona",
    "limit": 50,
    "price": 0.2
  },
  {
    "name": "Riverside-San Bernardino-Ontario, CA",
    "population": 3452547,
    "state": "California",
    "limit": 50,
    "price": 0.2
  },
  {
    "name": "Detroit-Warren-Dearborn, MI",
    "population": 3441067,
    "state": "Michigan",
    "limit": 50,
    "price": 0.2
  },
  {
    "name": "Seattle-Tacoma-Bellevue, WA",
    "population": 3162633,
    "state": "Washington",
    "limit": 50,
    "price": 0.2
  },
  {
    "name": "Minneapolis-St. Paul-Bloomington, MN-WI",
    "population": 2827768,
    "state": "Minnesota",
    "limit": 25,
    "price": 0.2
  },
  {
    "name": "San Diego-Chula Vista-Carlsbad, CA",
    "population": 2608768,
    "state": "California",
    "limit": 25,
    "price": 0.2
  },
  {
    "name": "Tampa-St. Petersburg-Clearwater, FL",
    "population": 2555842,
    "state": "Florida",
    "limit": 25,
    "price": 0.2
  },
  {
    "name": "Denver-Aurora-Lakewood, CO",
    "population": 2309918,
    "state": "Colorado",
    "limit": 25,
    "price": 0.2
  },
  {
    "name": "Baltimore-Columbia-Towson, MD",
    "population": 2224830,
    "state": "Maryland",
    "limit": 25,
    "price": 0.2
  },
  {
    "name": "St. Louis, MO-IL",
    "population": 2201587,
    "state": "Missouri",
    "limit": 25,
    "price": 0.2
  },
  {
    "name": "Orlando-Kissimmee-Sanford, FL",
    "population": 2096840,
    "state": "Florida",
    "limit": 25,
    "price": 0.2
  },
  {
    "name": "Charlotte-Concord-Gastonia, NC-SC",
    "population": 2037161,
    "state": "North Carolina",
    "limit": 25,
    "price": 0.2
  },
  {
    "name": "Portland-Vancouver-Hillsboro, OR-WA",
    "population": 1984240,
    "state": "Washington",
    "limit": 25,
    "price": 0.2
  },
  {
    "name": "San Antonio-New Braunfels, TX",
    "population": 1931398,
    "state": "Texas",
    "limit": 25,
    "price": 0.2
  },
  {
    "name": "Pittsburgh, PA",
    "population": 1928318,
    "state": "Pennsylvania",
    "limit": 25,
    "price": 0.2
  },
  {
    "name": "Sacramento-Roseville-Folsom, CA",
    "population": 1853765,
    "state": "California",
    "limit": 25,
    "price": 0.2
  },
  {
    "name": "Austin-Round Rock-Georgetown, TX",
    "population": 1762119,
    "state": "Texas",
    "limit": 25,
    "price": 0.2
  },
  {
    "name": "Las Vegas-Henderson-Paradise, NV",
    "population": 1751240,
    "state": "Nevada",
    "limit": 25,
    "price": 0.2
  },
  {
    "name": "Cincinnati, OH-KY-IN",
    "population": 1733472,
    "state": "Kentucky",
    "limit": 25,
    "price": 0.2
  },
  {
    "name": "San Juan-Bayamón-Caguas, PR",
    "population": 1725642,
    "state": "Puerto Rico",
    "limit": 25,
    "price": 0.2
  },
  {
    "name": "Kansas City, MO-KS",
    "population": 1667892,
    "state": "Missouri",
    "limit": 25,
    "price": 0.2
  },
  {
    "name": "Cleveland-Elyria, OH",
    "population": 1657635,
    "state": "Ohio",
    "limit": 25,
    "price": 0.2
  },
  { "name": "Columbus, OH", "population": 1639554, "state": "Ohio", "limit": 25, "price": 0.2 },
  {
    "name": "Indianapolis-Carmel-Anderson, IN",
    "population": 1594981,
    "state": "Indiana",
    "limit": 25,
    "price": 0.2
  },
  {
    "name": "San Jose-Sunnyvale-Santa Clara, CA",
    "population": 1577632,
    "state": "California",
    "limit": 25,
    "price": 0.2
  },
  {
    "name": "Nashville-Davidson--Murfreesboro--Franklin, TN",
    "population": 1533378,
    "state": "Tennessee",
    "limit": 25,
    "price": 0.2
  },
  {
    "name": "Virginia Beach-Norfolk-Newport News, VA-NC",
    "population": 1408981,
    "state": "Virginia",
    "limit": 10,
    "price": 0.1
  },
  {
    "name": "Providence-Warwick, RI-MA",
    "population": 1349470,
    "state": "Rhode Island",
    "limit": 10,
    "price": 0.1
  },
  {
    "name": "Jacksonville, FL",
    "population": 1252167,
    "state": "Florida",
    "limit": 10,
    "price": 0.1
  },
  {
    "name": "Milwaukee-Waukesha, WI",
    "population": 1217512,
    "state": "Wisconsin",
    "limit": 10,
    "price": 0.1
  },
  {
    "name": "Oklahoma City, OK",
    "population": 1077799,
    "state": "Oklahoma",
    "limit": 10,
    "price": 0.1
  },
  {
    "name": "Raleigh-Cary, NC",
    "population": 1073322,
    "state": "North Carolina",
    "limit": 10,
    "price": 0.1
  },
  { "name": "Richmond, VA", "population": 1032323, "state": "Virginia", "limit": 10, "price": 0.1 },
  {
    "name": "Memphis, TN-MS-AR",
    "population": 1015734,
    "state": "Tennessee",
    "limit": 10,
    "price": 0.1
  },
  {
    "name": "Louisville/Jefferson County, KY-IN",
    "population": 998304,
    "state": "Indiana",
    "limit": 10,
    "price": 0.1
  },
  {
    "name": "New Orleans-Metairie, LA",
    "population": 989736,
    "state": "Louisiana",
    "limit": 10,
    "price": 0.1
  },
  {
    "name": "Hartford-East Hartford-Middletown, CT",
    "population": 972992,
    "state": "Connecticut",
    "limit": 10,
    "price": 0.1
  },
  {
    "name": "Buffalo-Cheektowaga, NY",
    "population": 932628,
    "state": "New York",
    "limit": 10,
    "price": 0.1
  },
  {
    "name": "Salt Lake City, UT",
    "population": 923634,
    "state": "Utah",
    "limit": 10,
    "price": 0.1
  },
  { "name": "Rochester, NY", "population": 868569, "state": "New York", "limit": 10, "price": 0.1 },
  {
    "name": "Birmingham-Hoover, AL",
    "population": 864987,
    "state": "Alabama",
    "limit": 10,
    "price": 0.1
  },
  { "name": "Tucson, AZ", "population": 834265, "state": "Arizona", "limit": 10, "price": 0.1 },
  {
    "name": "Grand Rapids-Kentwood, MI",
    "population": 833039,
    "state": "Michigan",
    "limit": 10,
    "price": 0.1
  },
  {
    "name": "Urban Honolulu, HI",
    "population": 809839,
    "state": "Hawaii",
    "limit": 10,
    "price": 0.1
  },
  {
    "name": "Worcester, MA-CT",
    "population": 776855,
    "state": "Massachusetts",
    "limit": 10,
    "price": 0.1
  },
  { "name": "Tulsa, OK", "population": 769291, "state": "Oklahoma", "limit": 10, "price": 0.1 },
  {
    "name": "Bridgeport-Stamford-Norwalk, CT",
    "population": 743170,
    "state": "Connecticut",
    "limit": 10,
    "price": 0.1
  },
  { "name": "Fresno, CA", "population": 730245, "state": "California", "limit": 10, "price": 0.1 },
  {
    "name": "Greenville-Anderson, SC",
    "population": 724074,
    "state": "South Carolina",
    "limit": 10,
    "price": 0.1
  },
  {
    "name": "Albany-Schenectady-Troy, NY",
    "population": 723194,
    "state": "New York",
    "limit": 10,
    "price": 0.1
  },
  {
    "name": "Omaha-Council Bluffs, NE-IA",
    "population": 720776,
    "state": "Nebraska",
    "limit": 10,
    "price": 0.1
  },
  {
    "name": "Albuquerque, NM",
    "population": 717799,
    "state": "New Mexico",
    "limit": 10,
    "price": 0.1
  },
  {
    "name": "North Port-Sarasota-Bradenton, FL",
    "population": 701097,
    "state": "Florida",
    "limit": 10,
    "price": 0.1
  },
  {
    "name": "Knoxville, TN",
    "population": 698271,
    "state": "Tennessee",
    "limit": 10,
    "price": 0.1
  },
  {
    "name": "New Haven-Milford, CT",
    "population": 690994,
    "state": "Connecticut",
    "limit": 10,
    "price": 0.1
  },
  {
    "name": "Allentown-Bethlehem-Easton, PA-NJ",
    "population": 683720,
    "state": "Pennsylvania",
    "limit": 10,
    "price": 0.1
  },
  {
    "name": "Baton Rouge, LA",
    "population": 667617,
    "state": "Louisiana",
    "limit": 10,
    "price": 0.1
  },
  {
    "name": "Oxnard-Thousand Oaks-Ventura, CA",
    "population": 656198,
    "state": "California",
    "limit": 10,
    "price": 0.1
  },
  {
    "name": "Bakersfield, CA",
    "population": 651739,
    "state": "California",
    "limit": 10,
    "price": 0.1
  },
  { "name": "El Paso, TX", "population": 647629, "state": "Texas", "limit": 10, "price": 0.1 },
  {
    "name": "Columbia, SC",
    "population": 646816,
    "state": "South Carolina",
    "limit": 10,
    "price": 0.1
  },
  {
    "name": "Dayton-Kettering, OH",
    "population": 636638,
    "state": "Ohio",
    "limit": 10,
    "price": 0.1
  },
  {
    "name": "Cape Coral-Fort Myers, FL",
    "population": 628325,
    "state": "Florida",
    "limit": 10,
    "price": 0.1
  },
  {
    "name": "Charleston-North Charleston, SC",
    "population": 623097,
    "state": "South Carolina",
    "limit": 10,
    "price": 0.1
  },
  {
    "name": "Greensboro-High Point, NC",
    "population": 608861,
    "state": "North Carolina",
    "limit": 10,
    "price": 0.1
  },
  {
    "name": "McAllen-Edinburg-Mission, TX",
    "population": 608225,
    "state": "Texas",
    "limit": 5,
    "price": 0.1
  },
  {
    "name": "Colorado Springs, CO",
    "population": 579255,
    "state": "Colorado",
    "limit": 5,
    "price": 0.1
  },
  {
    "name": "Little Rock-North Little Rock-Conway, AR",
    "population": 574672,
    "state": "Arkansas",
    "limit": 5,
    "price": 0.1
  },
  { "name": "Boise City, ID", "population": 574593, "state": "Idaho", "limit": 5, "price": 0.1 },
  { "name": "Stockton, CA", "population": 573400, "state": "California", "limit": 5, "price": 0.1 },
  {
    "name": "Lakeland-Winter Haven, FL",
    "population": 566436,
    "state": "Florida",
    "limit": 5,
    "price": 0.1
  },
  {
    "name": "Springfield, MA",
    "population": 564652,
    "state": "Massachusetts",
    "limit": 5,
    "price": 0.1
  },
  { "name": "Akron, OH", "population": 560546, "state": "Ohio", "limit": 5, "price": 0.1 },
  {
    "name": "Deltona-Daytona Beach-Ormond Beach, FL",
    "population": 554509,
    "state": "Florida",
    "limit": 5,
    "price": 0.1
  },
  { "name": "Madison, WI", "population": 541848, "state": "Wisconsin", "limit": 5, "price": 0.1 },
  {
    "name": "Poughkeepsie-Newburgh-Middletown, NY",
    "population": 538926,
    "state": "New York",
    "limit": 5,
    "price": 0.1
  },
  {
    "name": "Des Moines-West Des Moines, IA",
    "population": 532784,
    "state": "Iowa",
    "limit": 5,
    "price": 0.1
  },
  {
    "name": "Winston-Salem, NC",
    "population": 528884,
    "state": "North Carolina",
    "limit": 5,
    "price": 0.1
  },
  { "name": "Syracuse, NY", "population": 525443, "state": "New York", "limit": 5, "price": 0.1 },
  {
    "name": "Durham-Chapel Hill, NC",
    "population": 519038,
    "state": "North Carolina",
    "limit": 5,
    "price": 0.1
  },
  { "name": "Toledo, OH", "population": 505419, "state": "Ohio", "limit": 5, "price": 0.1 },
  {
    "name": "Palm Bay-Melbourne-Titusville, FL",
    "population": 497095,
    "state": "Florida",
    "limit": 5,
    "price": 0.1
  },
  { "name": "Wichita, KS", "population": 485778, "state": "Kansas", "limit": 5, "price": 0.1 },
  {
    "name": "Ogden-Clearfield, UT",
    "population": 483383,
    "state": "Utah",
    "limit": 5,
    "price": 0.1
  },
  {
    "name": "Augusta-Richmond County, GA-SC",
    "population": 471086,
    "state": "Georgia",
    "limit": 5,
    "price": 0.1
  },
  {
    "name": "Harrisburg-Carlisle, PA",
    "population": 466943,
    "state": "Pennsylvania",
    "limit": 5,
    "price": 0.1
  },
  {
    "name": "Spokane-Spokane Valley, WA",
    "population": 458159,
    "state": "Washington",
    "limit": 5,
    "price": 0.1
  },
  {
    "name": "Scranton--Wilkes-Barre, PA",
    "population": 457125,
    "state": "Pennsylvania",
    "limit": 5,
    "price": 0.1
  },
  { "name": "Jackson, MS", "population": 456600, "state": "Mississippi", "limit": 5, "price": 0.1 },
  { "name": "Provo-Orem, UT", "population": 451022, "state": "Utah", "limit": 5, "price": 0.1 },
  {
    "name": "Portland-South Portland, ME",
    "population": 450500,
    "state": "Maine",
    "limit": 5,
    "price": 0.1
  },
  {
    "name": "Chattanooga, TN-GA",
    "population": 443098,
    "state": "Tennessee",
    "limit": 5,
    "price": 0.1
  },
  {
    "name": "Youngstown-Warren-Boardman, OH-PA",
    "population": 434484,
    "state": "Ohio",
    "limit": 5,
    "price": 0.1
  },
  {
    "name": "Lansing-East Lansing, MI",
    "population": 429210,
    "state": "Michigan",
    "limit": 5,
    "price": 0.1
  },
  {
    "name": "Lancaster, PA",
    "population": 425314,
    "state": "Pennsylvania",
    "limit": 5,
    "price": 0.1
  },
  {
    "name": "Fayetteville-Springdale-Rogers, AR",
    "population": 409023,
    "state": "Arkansas",
    "limit": 5,
    "price": 0.1
  },
  { "name": "Modesto, CA", "population": 407908, "state": "California", "limit": 5, "price": 0.1 },
  {
    "name": "Myrtle Beach-Conway-North Myrtle Beach, SC-NC",
    "population": 406688,
    "state": "North Carolina",
    "limit": 5,
    "price": 0.1
  },
  {
    "name": "Pensacola-Ferry Pass-Brent, FL",
    "population": 403339,
    "state": "Florida",
    "limit": 5,
    "price": 0.1
  },
  {
    "name": "Lexington-Fayette, KY",
    "population": 401907,
    "state": "Kentucky",
    "limit": 5,
    "price": 0.1
  },
  {
    "name": "Port St. Lucie, FL",
    "population": 395996,
    "state": "Florida",
    "limit": 5,
    "price": 0.1
  },
  {
    "name": "Santa Rosa-Petaluma, CA",
    "population": 393152,
    "state": "California",
    "limit": 5,
    "price": 0.1
  },
  {
    "name": "Fayetteville, NC",
    "population": 390022,
    "state": "North Carolina",
    "limit": 5,
    "price": 0.1
  },
  { "name": "Reno, NV", "population": 387332, "state": "Nevada", "limit": 5, "price": 0.1 },
  { "name": "Huntsville, AL", "population": 383861, "state": "Alabama", "limit": 5, "price": 0.1 },
  {
    "name": "Asheville, NC",
    "population": 382874,
    "state": "North Carolina",
    "limit": 5,
    "price": 0.1
  },
  {
    "name": "Springfield, MO",
    "population": 368530,
    "state": "Missouri",
    "limit": 5,
    "price": 0.1
  },
  { "name": "Lafayette, LA", "population": 362025, "state": "Louisiana", "limit": 5, "price": 0.1 },
  {
    "name": "York-Hanover, PA",
    "population": 356368,
    "state": "Pennsylvania",
    "limit": 5,
    "price": 0.1
  },
  { "name": "Vallejo, CA", "population": 354770, "state": "California", "limit": 5, "price": 0.1 },
  {
    "name": "Killeen-Temple, TX",
    "population": 351625,
    "state": "Texas",
    "limit": 5,
    "price": 0.1
  },
  {
    "name": "Santa Maria-Santa Barbara, CA",
    "population": 350805,
    "state": "California",
    "limit": 5,
    "price": 0.1
  },
  {
    "name": "Salisbury, MD-DE",
    "population": 338511,
    "state": "Maryland",
    "limit": 5,
    "price": 0.1
  },
  {
    "name": "Manchester-Nashua, NH",
    "population": 338264,
    "state": "New Hampshire",
    "limit": 5,
    "price": 0.1
  },
  {
    "name": "Reading, PA",
    "population": 333658,
    "state": "Pennsylvania",
    "limit": 5,
    "price": 0.1
  },
  { "name": "Mobile, AL", "population": 331508, "state": "Alabama", "limit": 5, "price": 0.1 },
  { "name": "Visalia, CA", "population": 331093, "state": "California", "limit": 5, "price": 0.1 },
  { "name": "Salem, OR", "population": 330394, "state": "Oregon", "limit": 5, "price": 0.1 },
  { "name": "Salinas, CA", "population": 327777, "state": "California", "limit": 5, "price": 0.1 },
  {
    "name": "Corpus Christi, TX",
    "population": 321433,
    "state": "Texas",
    "limit": 5,
    "price": 0.1
  },
  {
    "name": "Gulfport-Biloxi, MS",
    "population": 319635,
    "state": "Mississippi",
    "limit": 5,
    "price": 0.1
  },
  {
    "name": "Canton-Massillon, OH",
    "population": 316050,
    "state": "Ohio",
    "limit": 5,
    "price": 0.1
  },
  { "name": "Flint, MI", "population": 315909, "state": "Michigan", "limit": 5, "price": 0.1 },
  { "name": "Savannah, GA", "population": 313838, "state": "Georgia", "limit": 5, "price": 0.1 },
  { "name": "Fort Wayne, IN", "population": 313573, "state": "Indiana", "limit": 5, "price": 0.1 },
  {
    "name": "Eugene-Springfield, OR",
    "population": 313477,
    "state": "Oregon",
    "limit": 5,
    "price": 0.1
  },
  {
    "name": "Naples-Marco Island, FL",
    "population": 313169,
    "state": "Florida",
    "limit": 5,
    "price": 0.1
  },
  { "name": "Peoria, IL", "population": 310740, "state": "Illinois", "limit": 5, "price": 0.1 },
  { "name": "Tallahassee, FL", "population": 310117, "state": "Florida", "limit": 5, "price": 0.1 },
  { "name": "Ocala, FL", "population": 308357, "state": "Florida", "limit": 5, "price": 0.1 },
  {
    "name": "Trenton-Princeton, NJ",
    "population": 304672,
    "state": "New Jersey",
    "limit": 5,
    "price": 0.1
  },
  { "name": "Ann Arbor, MI", "population": 303933, "state": "Michigan", "limit": 5, "price": 0.1 },
  {
    "name": "Beaumont-Port Arthur, TX",
    "population": 302788,
    "state": "Texas",
    "limit": 5,
    "price": 0.1
  },
  {
    "name": "Brownsville-Harlingen, TX",
    "population": 301208,
    "state": "Texas",
    "limit": 5,
    "price": 0.1
  },
  { "name": "Anchorage, AK", "population": 300996, "state": "Alaska", "limit": 5, "price": 0.1 },
  { "name": "Montgomery, AL", "population": 299238, "state": "Alabama", "limit": 5, "price": 0.1 },
  {
    "name": "Shreveport-Bossier City, LA",
    "population": 298723,
    "state": "Louisiana",
    "limit": 5,
    "price": 0.1
  },
  {
    "name": "Davenport-Moline-Rock Island, IA-IL",
    "population": 296767,
    "state": "Illinois",
    "limit": 5,
    "price": 0.1
  },
  {
    "name": "Hickory-Lenoir-Morganton, NC",
    "population": 290293,
    "state": "North Carolina",
    "limit": 5,
    "price": 0.1
  },
  {
    "name": "Fort Collins, CO",
    "population": 289333,
    "state": "Colorado",
    "limit": 5,
    "price": 0.1
  },
  {
    "name": "Huntington-Ashland, WV-KY-OH",
    "population": 283718,
    "state": "Ohio",
    "limit": 5,
    "price": 0.1
  },
  { "name": "Gainesville, FL", "population": 276372, "state": "Florida", "limit": 1, "price": 0.1 },
  { "name": "Boulder, CO", "population": 268640, "state": "Colorado", "limit": 1, "price": 0.1 },
  { "name": "Lincoln, NE", "population": 262021, "state": "Nebraska", "limit": 1, "price": 0.1 },
  { "name": "Rockford, IL", "population": 260138, "state": "Illinois", "limit": 1, "price": 0.1 },
  {
    "name": "Aguadilla-Isabela, PR",
    "population": 257806,
    "state": "Puerto Rico",
    "limit": 1,
    "price": 0.1
  },
  { "name": "Green Bay, WI", "population": 253252, "state": "Wisconsin", "limit": 1, "price": 0.1 },
  {
    "name": "Spartanburg, SC",
    "population": 252012,
    "state": "South Carolina",
    "limit": 1,
    "price": 0.1
  },
  { "name": "Roanoke, VA", "population": 251768, "state": "Virginia", "limit": 1, "price": 0.1 },
  { "name": "Columbus, GA-AL", "population": 250985, "state": "Georgia", "limit": 1, "price": 0.1 },
  {
    "name": "South Bend-Mishawaka, IN-MI",
    "population": 250714,
    "state": "Michigan",
    "limit": 1,
    "price": 0.1
  },
  {
    "name": "Kingsport-Bristol, TN-VA",
    "population": 248691,
    "state": "Virginia",
    "limit": 1,
    "price": 0.1
  },
  { "name": "Lubbock, TX", "population": 245362, "state": "Texas", "limit": 1, "price": 0.1 },
  {
    "name": "Evansville, IN-KY",
    "population": 243564,
    "state": "Kentucky",
    "limit": 1,
    "price": 0.1
  },
  { "name": "Greeley, CO", "population": 241833, "state": "Colorado", "limit": 1, "price": 0.1 },
  {
    "name": "Clarksville, TN-KY",
    "population": 236031,
    "state": "Kentucky",
    "limit": 1,
    "price": 0.1
  },
  { "name": "Duluth, MN-WI", "population": 234637, "state": "Minnesota", "limit": 1, "price": 0.1 },
  {
    "name": "San Luis Obispo-Paso Robles, CA",
    "population": 231744,
    "state": "California",
    "limit": 1,
    "price": 0.1
  },
  {
    "name": "Olympia-Lacey-Tumwater, WA",
    "population": 231089,
    "state": "Washington",
    "limit": 1,
    "price": 0.1
  },
  {
    "name": "Wilmington, NC",
    "population": 230721,
    "state": "North Carolina",
    "limit": 1,
    "price": 0.1
  },
  { "name": "Utica-Rome, NY", "population": 230181, "state": "New York", "limit": 1, "price": 0.1 },
  {
    "name": "Hagerstown-Martinsburg, MD-WV",
    "population": 228444,
    "state": "West Virginia",
    "limit": 1,
    "price": 0.1
  },
  {
    "name": "Crestview-Fort Walton Beach-Destin, FL",
    "population": 224410,
    "state": "Florida",
    "limit": 1,
    "price": 0.1
  },
  {
    "name": "Santa Cruz-Watsonville, CA",
    "population": 219764,
    "state": "California",
    "limit": 1,
    "price": 0.1
  },
  {
    "name": "Bremerton-Silverdale-Port Orchard, WA",
    "population": 219552,
    "state": "Washington",
    "limit": 1,
    "price": 0.1
  },
  {
    "name": "Kennewick-Richland, WA",
    "population": 218946,
    "state": "Washington",
    "limit": 1,
    "price": 0.1
  },
  {
    "name": "Atlantic City-Hammonton, NJ",
    "population": 217993,
    "state": "New Jersey",
    "limit": 1,
    "price": 0.1
  },
  { "name": "Longview, TX", "population": 217440, "state": "Texas", "limit": 1, "price": 0.1 },
  {
    "name": "Norwich-New London, CT",
    "population": 216922,
    "state": "Connecticut",
    "limit": 1,
    "price": 0.1
  },
  { "name": "Erie, PA", "population": 214341, "state": "Pennsylvania", "limit": 1, "price": 0.1 },
  { "name": "Cedar Rapids, IA", "population": 212608, "state": "Iowa", "limit": 1, "price": 0.1 },
  {
    "name": "College Station-Bryan, TX",
    "population": 212568,
    "state": "Texas",
    "limit": 1,
    "price": 0.1
  },
  { "name": "Tuscaloosa, AL", "population": 212024, "state": "Alabama", "limit": 1, "price": 0.1 },
  { "name": "Waco, TX", "population": 210837, "state": "Texas", "limit": 1, "price": 0.1 },
  { "name": "Lynchburg, VA", "population": 209610, "state": "Virginia", "limit": 1, "price": 0.1 },
  {
    "name": "Charleston, WV",
    "population": 206749,
    "state": "West Virginia",
    "limit": 1,
    "price": 0.1
  },
  {
    "name": "Sioux Falls, SD",
    "population": 205410,
    "state": "South Dakota",
    "limit": 1,
    "price": 0.1
  },
  {
    "name": "Kalamazoo-Portage, MI",
    "population": 204328,
    "state": "Michigan",
    "limit": 1,
    "price": 0.1
  },
  { "name": "Amarillo, TX", "population": 202408, "state": "Texas", "limit": 1, "price": 0.1 },
  { "name": "Merced, CA", "population": 200223, "state": "California", "limit": 1, "price": 0.1 },
  { "name": "Binghamton, NY", "population": 199720, "state": "New York", "limit": 1, "price": 0.1 },
  {
    "name": "Prescott Valley-Prescott, AZ",
    "population": 199136,
    "state": "Arizona",
    "limit": 1,
    "price": 0.1
  },
  {
    "name": "Barnstable Town, MA",
    "population": 196284,
    "state": "Massachusetts",
    "limit": 1,
    "price": 0.1
  },
  {
    "name": "Fargo, ND-MN",
    "population": 191768,
    "state": "North Dakota",
    "limit": 1,
    "price": 0.1
  },
  { "name": "Laredo, TX", "population": 186454, "state": "Texas", "limit": 1, "price": 0.1 },
  { "name": "Appleton, WI", "population": 185898, "state": "Wisconsin", "limit": 1, "price": 0.1 },
  {
    "name": "Fort Smith, AR-OK",
    "population": 185713,
    "state": "Arkansas",
    "limit": 1,
    "price": 0.1
  },
  { "name": "Yakima, WA", "population": 184371, "state": "Washington", "limit": 1, "price": 0.1 },
  { "name": "Ponce, PR", "population": 184281, "state": "Puerto Rico", "limit": 1, "price": 0.1 },
  {
    "name": "Burlington-South Burlington, VT",
    "population": 183510,
    "state": "Vermont",
    "limit": 1,
    "price": 0.1
  },
  {
    "name": "Lebanon, NH-VT",
    "population": 182989,
    "state": "New Hampshire",
    "limit": 1,
    "price": 0.1
  },
  {
    "name": "Bellingham, WA",
    "population": 182483,
    "state": "Washington",
    "limit": 1,
    "price": 0.1
  },
  {
    "name": "Daphne-Fairhope-Foley, AL",
    "population": 182471,
    "state": "Alabama",
    "limit": 1,
    "price": 0.1
  },
  {
    "name": "Macon-Bibb County, GA",
    "population": 180585,
    "state": "Georgia",
    "limit": 1,
    "price": 0.1
  },
  {
    "name": "Champaign-Urbana, IL",
    "population": 179379,
    "state": "Illinois",
    "limit": 1,
    "price": 0.1
  },
  {
    "name": "Charlottesville, VA",
    "population": 178442,
    "state": "Virginia",
    "limit": 1,
    "price": 0.1
  },
  { "name": "Topeka, KS", "population": 178364, "state": "Kansas", "limit": 1, "price": 0.1 },
  { "name": "Medford, OR", "population": 178032, "state": "Oregon", "limit": 1, "price": 0.1 },
  {
    "name": "Lake Havasu City-Kingman, AZ",
    "population": 177461,
    "state": "Arizona",
    "limit": 1,
    "price": 0.1
  },
  { "name": "Tyler, TX", "population": 177458, "state": "Texas", "limit": 1, "price": 0.1 },
  {
    "name": "Lafayette-West Lafayette, IN",
    "population": 175592,
    "state": "Indiana",
    "limit": 1,
    "price": 0.1
  },
  {
    "name": "Hilton Head Island-Bluffton, SC",
    "population": 174870,
    "state": "South Carolina",
    "limit": 1,
    "price": 0.1
  },
  { "name": "Rochester, MN", "population": 172418, "state": "Minnesota", "limit": 1, "price": 0.1 },
  {
    "name": "Athens-Clarke County, GA",
    "population": 171802,
    "state": "Georgia",
    "limit": 1,
    "price": 0.1
  },
  { "name": "Chico, CA", "population": 168339, "state": "California", "limit": 1, "price": 0.1 },
  {
    "name": "Johnson City, TN",
    "population": 168304,
    "state": "Tennessee",
    "limit": 1,
    "price": 0.1
  },
  {
    "name": "Lake Charles, LA",
    "population": 167524,
    "state": "Louisiana",
    "limit": 1,
    "price": 0.1
  },
  {
    "name": "Las Cruces, NM",
    "population": 167142,
    "state": "New Mexico",
    "limit": 1,
    "price": 0.1
  },
  { "name": "Columbia, MO", "population": 166451, "state": "Missouri", "limit": 1, "price": 0.1 },
  { "name": "Punta Gorda, FL", "population": 164240, "state": "Florida", "limit": 1, "price": 0.1 },
  {
    "name": "Springfield, IL",
    "population": 162695,
    "state": "Illinois",
    "limit": 1,
    "price": 0.1
  },
  { "name": "Hilo, HI", "population": 158711, "state": "Hawaii", "limit": 1, "price": 0.1 },
  { "name": "Bend, OR", "population": 158167, "state": "Oregon", "limit": 1, "price": 0.1 },
  {
    "name": "Jacksonville, NC",
    "population": 157467,
    "state": "North Carolina",
    "limit": 1,
    "price": 0.1
  },
  {
    "name": "Houma-Thibodaux, LA",
    "population": 157124,
    "state": "Louisiana",
    "limit": 1,
    "price": 0.1
  },
  { "name": "Monroe, LA", "population": 156894, "state": "Louisiana", "limit": 1, "price": 0.1 },
  {
    "name": "Florence, SC",
    "population": 154840,
    "state": "South Carolina",
    "limit": 1,
    "price": 0.1
  },
  { "name": "Gainesville, GA", "population": 153844, "state": "Georgia", "limit": 1, "price": 0.1 },
  { "name": "Yuma, AZ", "population": 153169, "state": "Arizona", "limit": 1, "price": 0.1 },
  { "name": "Racine, WI", "population": 153051, "state": "Wisconsin", "limit": 1, "price": 0.1 },
  { "name": "Arecibo, PR", "population": 151886, "state": "Puerto Rico", "limit": 1, "price": 0.1 },
  {
    "name": "Torrington, CT",
    "population": 151879,
    "state": "Connecticut",
    "limit": 1,
    "price": 0.1
  },
  { "name": "St. Cloud, MN", "population": 151859, "state": "Minnesota", "limit": 1, "price": 0.1 },
  {
    "name": "Elkhart-Goshen, IN",
    "population": 150481,
    "state": "Indiana",
    "limit": 1,
    "price": 0.1
  },
  { "name": "Kingston, NY", "population": 149457, "state": "New York", "limit": 1, "price": 0.1 },
  { "name": "Saginaw, MI", "population": 148604, "state": "Michigan", "limit": 1, "price": 0.1 },
  { "name": "Terre Haute, IN", "population": 146025, "state": "Indiana", "limit": 1, "price": 0.1 },
  {
    "name": "Warner Robins, GA",
    "population": 144229,
    "state": "Georgia",
    "limit": 1,
    "price": 0.1
  },
  { "name": "Redding, CA", "population": 143512, "state": "California", "limit": 1, "price": 0.1 },
  { "name": "Billings, MT", "population": 142168, "state": "Montana", "limit": 1, "price": 0.1 },
  { "name": "Dover, DE", "population": 139805, "state": "Delaware", "limit": 1, "price": 0.1 },
  { "name": "Panama City, FL", "population": 139659, "state": "Florida", "limit": 1, "price": 0.1 },
  { "name": "Jackson, TN", "population": 139646, "state": "Tennessee", "limit": 1, "price": 0.1 },
  { "name": "Iowa City, IA", "population": 139157, "state": "Iowa", "limit": 1, "price": 0.1 },
  {
    "name": "Blacksburg-Christiansburg, VA",
    "population": 138635,
    "state": "Virginia",
    "limit": 1,
    "price": 0.1
  },
  {
    "name": "Bowling Green, KY",
    "population": 137418,
    "state": "Kentucky",
    "limit": 1,
    "price": 0.1
  },
  { "name": "Joplin, MO", "population": 137057, "state": "Missouri", "limit": 1, "price": 0.1 },
  {
    "name": "Auburn-Opelika, AL",
    "population": 136444,
    "state": "Alabama",
    "limit": 1,
    "price": 0.1
  },
  { "name": "Muskegon, MI", "population": 136303, "state": "Michigan", "limit": 1, "price": 0.1 },
  {
    "name": "Oshkosh-Neenah, WI",
    "population": 136202,
    "state": "Wisconsin",
    "limit": 1,
    "price": 0.1
  },
  { "name": "Abilene, TX", "population": 135448, "state": "Texas", "limit": 1, "price": 0.1 },
  {
    "name": "Eau Claire, WI",
    "population": 135329,
    "state": "Wisconsin",
    "limit": 1,
    "price": 0.1
  },
  {
    "name": "State College, PA",
    "population": 134439,
    "state": "Pennsylvania",
    "limit": 1,
    "price": 0.1
  },
  {
    "name": "Sebastian-Vero Beach, FL",
    "population": 134386,
    "state": "Florida",
    "limit": 1,
    "price": 0.1
  },
  {
    "name": "East Stroudsburg, PA",
    "population": 134271,
    "state": "Pennsylvania",
    "limit": 1,
    "price": 0.1
  },
  {
    "name": "Bloomington, IL",
    "population": 134128,
    "state": "Illinois",
    "limit": 1,
    "price": 0.1
  },
  {
    "name": "Yuba City, CA",
    "population": 134126,
    "state": "California",
    "limit": 1,
    "price": 0.1
  },
  {
    "name": "Burlington, NC",
    "population": 133969,
    "state": "North Carolina",
    "limit": 1,
    "price": 0.1
  },
  { "name": "Bloomington, IN", "population": 133347, "state": "Indiana", "limit": 1, "price": 0.1 },
  { "name": "St. George, UT", "population": 132737, "state": "Utah", "limit": 1, "price": 0.1 },
  {
    "name": "Greenville, NC",
    "population": 132273,
    "state": "North Carolina",
    "limit": 1,
    "price": 0.1
  },
  { "name": "Coeur d'Alene, ID", "population": 132205, "state": "Idaho", "limit": 1, "price": 0.1 },
  {
    "name": "El Centro, CA",
    "population": 132200,
    "state": "California",
    "limit": 1,
    "price": 0.1
  },
  {
    "name": "Hattiesburg, MS",
    "population": 132040,
    "state": "Mississippi",
    "limit": 1,
    "price": 0.1
  },
  {
    "name": "Homosassa Springs, FL",
    "population": 131487,
    "state": "Florida",
    "limit": 1,
    "price": 0.1
  },
  {
    "name": "Waterloo-Cedar Falls, IA",
    "population": 131055,
    "state": "Iowa",
    "limit": 1,
    "price": 0.1
  },
  { "name": "Pueblo, CO", "population": 130863, "state": "Colorado", "limit": 1, "price": 0.1 },
  {
    "name": "Wausau-Weston, WI",
    "population": 129894,
    "state": "Wisconsin",
    "limit": 1,
    "price": 0.1
  },
  {
    "name": "Kahului-Wailuku-Lahaina, HI",
    "population": 129739,
    "state": "Hawaii",
    "limit": 1,
    "price": 0.1
  },
  { "name": "Santa Fe, NM", "population": 127850, "state": "New Mexico", "limit": 1, "price": 0.1 },
  { "name": "Midland, TX", "population": 126830, "state": "Texas", "limit": 1, "price": 0.1 },
  { "name": "Jackson, MI", "population": 126350, "state": "Michigan", "limit": 1, "price": 0.1 },
  {
    "name": "Janesville-Beloit, WI",
    "population": 126282,
    "state": "Wisconsin",
    "limit": 1,
    "price": 0.1
  },
  {
    "name": "Concord, NH",
    "population": 125255,
    "state": "New Hampshire",
    "limit": 1,
    "price": 0.1
  },
  { "name": "Tupelo, MS", "population": 124937, "state": "Mississippi", "limit": 1, "price": 0.1 },
  { "name": "Bangor, ME", "population": 124474, "state": "Maine", "limit": 1, "price": 0.1 },
  {
    "name": "Traverse City, MI",
    "population": 124185,
    "state": "Michigan",
    "limit": 1,
    "price": 0.1
  },
  {
    "name": "Grand Junction, CO",
    "population": 123055,
    "state": "Colorado",
    "limit": 1,
    "price": 0.1
  },
  { "name": "Monroe, MI", "population": 122008, "state": "Michigan", "limit": 1, "price": 0.1 },
  { "name": "Decatur, AL", "population": 121363, "state": "Alabama", "limit": 1, "price": 0.1 },
  { "name": "Niles, MI", "population": 121067, "state": "Michigan", "limit": 1, "price": 0.1 },
  {
    "name": "Chambersburg-Waynesboro, PA",
    "population": 120964,
    "state": "Pennsylvania",
    "limit": 1,
    "price": 0.1
  },
  {
    "name": "The Villages, FL",
    "population": 120696,
    "state": "Florida",
    "limit": 1,
    "price": 0.1
  },
  {
    "name": "Florence-Muscle Shoals, AL",
    "population": 119986,
    "state": "Alabama",
    "limit": 1,
    "price": 0.1
  },
  { "name": "Odessa, TX", "population": 119460, "state": "Texas", "limit": 1, "price": 0.1 },
  {
    "name": "Vineland-Bridgeton, NJ",
    "population": 118421,
    "state": "New Jersey",
    "limit": 1,
    "price": 0.1
  },
  {
    "name": "Elizabethtown-Fort Knox, KY",
    "population": 117778,
    "state": "Kentucky",
    "limit": 1,
    "price": 0.1
  },
  { "name": "Ottawa, IL", "population": 117285, "state": "Illinois", "limit": 1, "price": 0.1 },
  { "name": "Dothan, AL", "population": 117107, "state": "Alabama", "limit": 1, "price": 0.1 },
  {
    "name": "Jefferson City, MO",
    "population": 116682,
    "state": "Missouri",
    "limit": 1,
    "price": 0.1
  },
  {
    "name": "Alexandria, LA",
    "population": 116319,
    "state": "Louisiana",
    "limit": 1,
    "price": 0.1
  },
  { "name": "Flagstaff, AZ", "population": 115992, "state": "Arizona", "limit": 1, "price": 0.1 },
  {
    "name": "Pottsville, PA",
    "population": 115932,
    "state": "Pennsylvania",
    "limit": 1,
    "price": 0.1
  },
  {
    "name": "Morgantown, WV",
    "population": 115841,
    "state": "West Virginia",
    "limit": 1,
    "price": 0.1
  },
  { "name": "Wichita Falls, TX", "population": 115448, "state": "Texas", "limit": 1, "price": 0.1 },
  { "name": "London, KY", "population": 114935, "state": "Kentucky", "limit": 1, "price": 0.1 },
  { "name": "Albany, GA", "population": 114590, "state": "Georgia", "limit": 1, "price": 0.1 },
  { "name": "Texarkana, TX-AR", "population": 113615, "state": "Texas", "limit": 1, "price": 0.1 },
  { "name": "Madera, CA", "population": 113229, "state": "California", "limit": 1, "price": 0.1 },
  { "name": "Wheeling, WV-OH", "population": 112812, "state": "Ohio", "limit": 1, "price": 0.1 },
  {
    "name": "Rocky Mount, NC",
    "population": 112763,
    "state": "North Carolina",
    "limit": 1,
    "price": 0.1
  },
  {
    "name": "Morristown, TN",
    "population": 111949,
    "state": "Tennessee",
    "limit": 1,
    "price": 0.1
  },
  {
    "name": "Hanford-Corcoran, CA",
    "population": 111935,
    "state": "California",
    "limit": 1,
    "price": 0.1
  },
  { "name": "Valdosta, GA", "population": 111813, "state": "Georgia", "limit": 1, "price": 0.1 },
  {
    "name": "La Crosse-Onalaska, WI-MN",
    "population": 111247,
    "state": "Minnesota",
    "limit": 1,
    "price": 0.1
  },
  {
    "name": "Winchester, VA-WV",
    "population": 111242,
    "state": "West Virginia",
    "limit": 1,
    "price": 0.1
  },
  {
    "name": "Lebanon, PA",
    "population": 111234,
    "state": "Pennsylvania",
    "limit": 1,
    "price": 0.1
  },
  {
    "name": "Sioux City, IA-NE-SD",
    "population": 110577,
    "state": "Iowa",
    "limit": 1,
    "price": 0.1
  },
  { "name": "Napa, CA", "population": 110473, "state": "California", "limit": 1, "price": 0.1 },
  {
    "name": "Eureka-Arcata, CA",
    "population": 109809,
    "state": "California",
    "limit": 1,
    "price": 0.1
  },
  { "name": "Idaho Falls, ID", "population": 108499, "state": "Idaho", "limit": 1, "price": 0.1 },
  {
    "name": "Johnstown, PA",
    "population": 108388,
    "state": "Pennsylvania",
    "limit": 1,
    "price": 0.1
  },
  {
    "name": "Harrisonburg, VA",
    "population": 107815,
    "state": "Virginia",
    "limit": 1,
    "price": 0.1
  },
  {
    "name": "Rapid City, SD",
    "population": 107136,
    "state": "South Dakota",
    "limit": 1,
    "price": 0.1
  },
  {
    "name": "Pittsfield, MA",
    "population": 106768,
    "state": "Massachusetts",
    "limit": 1,
    "price": 0.1
  },
  { "name": "Dalton, GA", "population": 106472, "state": "Georgia", "limit": 1, "price": 0.1 },
  {
    "name": "Sumter, SC",
    "population": 106451,
    "state": "South Carolina",
    "limit": 1,
    "price": 0.1
  },
  {
    "name": "Carbondale-Marion, IL",
    "population": 106272,
    "state": "Illinois",
    "limit": 1,
    "price": 0.1
  },
  { "name": "Springfield, OH", "population": 105692, "state": "Ohio", "limit": 1, "price": 0.1 },
  {
    "name": "San Germán, PR",
    "population": 104344,
    "state": "Puerto Rico",
    "limit": 1,
    "price": 0.1
  },
  {
    "name": "Sherman-Denison, TX",
    "population": 103923,
    "state": "Texas",
    "limit": 1,
    "price": 0.1
  },
  { "name": "Logan, UT-ID", "population": 103843, "state": "Utah", "limit": 1, "price": 0.1 },
  {
    "name": "Battle Creek, MI",
    "population": 103647,
    "state": "Michigan",
    "limit": 1,
    "price": 0.1
  },
  { "name": "Manhattan, KS", "population": 103543, "state": "Kansas", "limit": 1, "price": 0.1 },
  {
    "name": "Glens Falls, NY",
    "population": 103495,
    "state": "New York",
    "limit": 1,
    "price": 0.1
  },
  { "name": "Ames, IA", "population": 102564, "state": "Iowa", "limit": 1, "price": 0.1 },
  {
    "name": "Bismarck, ND",
    "population": 102400,
    "state": "North Dakota",
    "limit": 1,
    "price": 0.1
  },
  {
    "name": "Mount Vernon-Anacortes, WA",
    "population": 101710,
    "state": "Washington",
    "limit": 1,
    "price": 0.1
  },
  { "name": "Hammond, LA", "population": 101491, "state": "Louisiana", "limit": 1, "price": 0.1 },
  {
    "name": "Jamestown-Dunkirk-Fredonia, NY",
    "population": 101314,
    "state": "New York",
    "limit": 1,
    "price": 0.1
  },
  { "name": "Jonesboro, AR", "population": 101150, "state": "Arkansas", "limit": 1, "price": 0.1 },
  { "name": "Staunton, VA", "population": 100446, "state": "Virginia", "limit": 1, "price": 0.1 },
  {
    "name": "Albany-Lebanon, OR",
    "population": 100402,
    "state": "Oregon",
    "limit": 1,
    "price": 0.1
  },
  {
    "name": "Augusta-Waterville, ME",
    "population": 100401,
    "state": "Maine",
    "limit": 1,
    "price": 0.1
  }
]
