[
  { "name": "Aberdeen, SD", "population": 32315 },
  { "name": "Aberdeen, WA", "population": 60530 },
  { "name": "Abilene, TX", "population": 135448 },
  { "name": "Ada, OK", "population": 28970 },
  { "name": "Adrian, MI", "population": 78518 },
  { "name": "Aguadilla-Isabela, PR", "population": 257806 },
  { "name": "Akron, OH", "population": 560546 },
  { "name": "Alamogordo, NM", "population": 52218 },
  { "name": "Albany-Lebanon, OR", "population": 100402 },
  { "name": "Albany-Schenectady-Troy, NY", "population": 723194 },
  { "name": "Albany, GA", "population": 114590 },
  { "name": "Albemarle, NC", "population": 49264 },
  { "name": "Albert Lea, MN", "population": 24027 },
  { "name": "Albertville, AL", "population": 73530 },
  { "name": "Albuquerque, NM", "population": 717799 },
  { "name": "Alexander City, AL", "population": 41615 },
  { "name": "Alexandria, LA", "population": 116319 },
  { "name": "Alexandria, MN", "population": 30580 },
  { "name": "Alice, TX", "population": 36142 },
  { "name": "Allentown-Bethlehem-Easton, PA-NJ", "population": 683720 },
  { "name": "Alma, MI", "population": 32681 },
  { "name": "Alpena, MI", "population": 23539 },
  { "name": "Altoona, PA", "population": 98475 },
  { "name": "Altus, OK", "population": 18698 },
  { "name": "Amarillo, TX", "population": 202408 },
  { "name": "Americus, GA", "population": 26364 },
  { "name": "Ames, IA", "population": 102564 },
  { "name": "Amsterdam, NY", "population": 38248 },
  { "name": "Anchorage, AK", "population": 300996 },
  { "name": "Andrews, TX", "population": 12948 },
  { "name": "Angola, IN", "population": 27504 },
  { "name": "Ann Arbor, MI", "population": 303933 },
  { "name": "Anniston-Oxford, AL", "population": 92289 },
  { "name": "Appleton, WI", "population": 185898 },
  { "name": "Arcadia, FL", "population": 27008 },
  { "name": "Ardmore, OK", "population": 44511 },
  { "name": "Arecibo, PR", "population": 151886 },
  { "name": "Arkadelphia, AR", "population": 17401 },
  { "name": "Asheville, NC", "population": 382874 },
  { "name": "Ashland, OH", "population": 40638 },
  { "name": "Ashtabula, OH", "population": 76412 },
  { "name": "Astoria, OR", "population": 33262 },
  { "name": "Atchison, KS", "population": 12749 },
  { "name": "Athens-Clarke County, GA", "population": 171802 },
  { "name": "Athens, OH", "population": 52633 },
  { "name": "Athens, TN", "population": 42012 },
  { "name": "Athens, TX", "population": 64930 },
  { "name": "Atlanta-Sandy Springs-Alpharetta, GA", "population": 4654322 },
  { "name": "Atlantic City-Hammonton, NJ", "population": 217993 },
  { "name": "Atmore, AL", "population": 28575 },
  { "name": "Auburn-Opelika, AL", "population": 136444 },
  { "name": "Auburn, IN", "population": 32726 },
  { "name": "Auburn, NY", "population": 61212 },
  { "name": "Augusta-Richmond County, GA-SC", "population": 471086 },
  { "name": "Augusta-Waterville, ME", "population": 100401 },
  { "name": "Austin-Round Rock-Georgetown, TX", "population": 1762119 },
  { "name": "Austin, MN", "population": 29817 },
  { "name": "Bainbridge, GA", "population": 22443 },
  { "name": "Bakersfield, CA", "population": 651739 },
  { "name": "Baltimore-Columbia-Towson, MD", "population": 2224830 },
  { "name": "Bangor, ME", "population": 124474 },
  { "name": "Baraboo, WI", "population": 51197 },
  { "name": "Bardstown, KY", "population": 35749 },
  { "name": "Barnstable Town, MA", "population": 196284 },
  { "name": "Barre, VT", "population": 48717 },
  { "name": "Bartlesville, OK", "population": 40133 },
  { "name": "Batavia, NY", "population": 46834 },
  { "name": "Batesville, AR", "population": 42500 },
  { "name": "Baton Rouge, LA", "population": 667617 },
  { "name": "Battle Creek, MI", "population": 103647 },
  { "name": "Bay City, MI", "population": 83217 },
  { "name": "Bay City, TX", "population": 27147 },
  { "name": "Beatrice, NE", "population": 16795 },
  { "name": "Beaumont-Port Arthur, TX", "population": 302788 },
  { "name": "Beaver Dam, WI", "population": 71608 },
  { "name": "Beckley, WV", "population": 91181 },
  { "name": "Bedford, IN", "population": 35398 },
  { "name": "Beeville, TX", "population": 25022 },
  { "name": "Bellefontaine, OH", "population": 35835 },
  { "name": "Bellingham, WA", "population": 182483 },
  { "name": "Bemidji, MN", "population": 34776 },
  { "name": "Bend, OR", "population": 158167 },
  { "name": "Bennettsville, SC", "population": 21584 },
  { "name": "Bennington, VT", "population": 30185 },
  { "name": "Berlin, NH", "population": 26167 },
  { "name": "Big Rapids, MI", "population": 31746 },
  { "name": "Big Spring, TX", "population": 26862 },
  { "name": "Big Stone Gap, VA", "population": 32046 },
  { "name": "Billings, MT", "population": 142168 },
  { "name": "Binghamton, NY", "population": 199720 },
  { "name": "Birmingham-Hoover, AL", "population": 864987 },
  { "name": "Bismarck, ND", "population": 102400 },
  { "name": "Blackfoot, ID", "population": 33315 },
  { "name": "Blacksburg-Christiansburg, VA", "population": 138635 },
  { "name": "Bloomington, IL", "population": 134128 },
  { "name": "Bloomington, IN", "population": 133347 },
  { "name": "Bloomsburg-Berwick, PA", "population": 67491 },
  { "name": "Bluefield, WV-VA", "population": 85814 },
  { "name": "Bluffton, IN", "population": 21349 },
  { "name": "Blytheville, AR", "population": 30188 },
  { "name": "Bogalusa, LA", "population": 34951 },
  { "name": "Boise City, ID", "population": 574593 },
  { "name": "Bonham, TX", "population": 28127 },
  { "name": "Boone, NC", "population": 46590 },
  { "name": "Borger, TX", "population": 15430 },
  { "name": "Boston-Cambridge-Newton, MA-NH", "population": 3983267 },
  { "name": "Boulder, CO", "population": 268640 },
  { "name": "Bowling Green, KY", "population": 137418 },
  { "name": "Bozeman, MT", "population": 95459 },
  { "name": "Bradford, PA", "population": 32321 },
  { "name": "Brainerd, MN", "population": 75843 },
  { "name": "Branson, MO", "population": 44701 },
  { "name": "Breckenridge, CO", "population": 25853 },
  { "name": "Bremerton-Silverdale-Port Orchard, WA", "population": 219552 },
  { "name": "Brenham, TX", "population": 28261 },
  { "name": "Brevard, NC", "population": 27299 },
  { "name": "Bridgeport-Stamford-Norwalk, CT", "population": 743170 },
  { "name": "Brookhaven, MS", "population": 26514 },
  { "name": "Brookings, OR", "population": 20121 },
  { "name": "Brookings, SD", "population": 27141 },
  { "name": "Brownsville-Harlingen, TX", "population": 301208 },
  { "name": "Brownsville, TN", "population": 13841 },
  { "name": "Brownwood, TX", "population": 29878 },
  { "name": "Brunswick, GA", "population": 89200 },
  { "name": "Bucyrus-Galion, OH", "population": 33149 },
  { "name": "Buffalo-Cheektowaga, NY", "population": 932628 },
  { "name": "Burley, ID", "population": 32382 },
  { "name": "Burlington-South Burlington, VT", "population": 183510 },
  { "name": "Burlington, IA-IL", "population": 35627 },
  { "name": "Burlington, NC", "population": 133969 },
  { "name": "Butte-Silver Bow, MT", "population": 28121 },
  { "name": "Cadillac, MI", "population": 37526 },
  { "name": "Calhoun, GA", "population": 43500 },
  { "name": "California-Lexington Park, MD", "population": 86370 },
  { "name": "Cambridge, MD", "population": 25733 },
  { "name": "Cambridge, OH", "population": 30106 },
  { "name": "Camden, AR", "population": 21532 },
  { "name": "Campbellsville, KY", "population": 28859 },
  { "name": "Cañon City, CO", "population": 41204 },
  { "name": "Canton-Massillon, OH", "population": 316050 },
  { "name": "Cape Coral-Fort Myers, FL", "population": 628325 },
  { "name": "Cape Girardeau, MO-IL", "population": 76780 },
  { "name": "Carbondale-Marion, IL", "population": 106272 },
  { "name": "Carlsbad-Artesia, NM", "population": 45921 },
  { "name": "Carroll, IA", "population": 15779 },
  { "name": "Carson City, NV", "population": 47400 },
  { "name": "Casper, WY", "population": 60437 },
  { "name": "Cedar City, UT", "population": 41030 },
  { "name": "Cedar Rapids, IA", "population": 212608 },
  { "name": "Cedartown, GA", "population": 32238 },
  { "name": "Celina, OH", "population": 31679 },
  { "name": "Central City, KY", "population": 24260 },
  { "name": "Centralia, IL", "population": 29147 },
  { "name": "Centralia, WA", "population": 64000 },
  { "name": "Chambersburg-Waynesboro, PA", "population": 120964 },
  { "name": "Champaign-Urbana, IL", "population": 179379 },
  { "name": "Charleston-Mattoon, IL", "population": 45786 },
  { "name": "Charleston-North Charleston, SC", "population": 623097 },
  { "name": "Charleston, WV", "population": 206749 },
  { "name": "Charlotte-Concord-Gastonia, NC-SC", "population": 2037161 },
  { "name": "Charlottesville, VA", "population": 178442 },
  { "name": "Chattanooga, TN-GA", "population": 443098 },
  { "name": "Cheyenne, WY", "population": 77134 },
  { "name": "Chicago-Naperville-Elgin, IL-IN-WI", "population": 7488708 },
  { "name": "Chico, CA", "population": 168339 },
  { "name": "Chillicothe, OH", "population": 60804 },
  { "name": "Cincinnati, OH-KY-IN", "population": 1733472 },
  { "name": "Clarksburg, WV", "population": 71688 },
  { "name": "Clarksdale, MS", "population": 15915 },
  { "name": "Clarksville, TN-KY", "population": 236031 },
  { "name": "Clearlake, CA", "population": 54080 },
  { "name": "Cleveland-Elyria, OH", "population": 1657635 },
  { "name": "Cleveland, MS", "population": 23662 },
  { "name": "Cleveland, TN", "population": 99154 },
  { "name": "Clewiston, FL", "population": 29444 },
  { "name": "Clinton, IA", "population": 35887 },
  { "name": "Clovis, NM", "population": 35463 },
  { "name": "Coamo, PR", "population": 28371 },
  { "name": "Coco, PR", "population": 21304 },
  { "name": "Coeur d'Alene, ID", "population": 132205 },
  { "name": "Coffeyville, KS", "population": 24064 },
  { "name": "Coldwater, MI", "population": 34007 },
  { "name": "College Station-Bryan, TX", "population": 212568 },
  { "name": "Colorado Springs, CO", "population": 579255 },
  { "name": "Columbia, MO", "population": 166451 },
  { "name": "Columbia, SC", "population": 646816 },
  { "name": "Columbus, GA-AL", "population": 250985 },
  { "name": "Columbus, IN", "population": 62440 },
  { "name": "Columbus, MS", "population": 45651 },
  { "name": "Columbus, NE", "population": 25294 },
  { "name": "Columbus, OH", "population": 1639554 },
  { "name": "Concord, NH", "population": 125255 },
  { "name": "Connersville, IN", "population": 18313 },
  { "name": "Cookeville, TN", "population": 90256 },
  { "name": "Coos Bay, OR", "population": 53383 },
  { "name": "Cordele, GA", "population": 15570 },
  { "name": "Corinth, MS", "population": 26866 },
  { "name": "Cornelia, GA", "population": 35878 },
  { "name": "Corning, NY", "population": 73447 },
  { "name": "Corpus Christi, TX", "population": 321433 },
  { "name": "Corsicana, TX", "population": 39248 },
  { "name": "Cortland, NY", "population": 37850 },
  { "name": "Corvallis, OR", "population": 79692 },
  { "name": "Coshocton, OH", "population": 27671 },
  { "name": "Craig, CO", "population": 9993 },
  { "name": "Crawfordsville, IN", "population": 29215 },
  { "name": "Crescent City, CA", "population": 22052 },
  { "name": "Crestview-Fort Walton Beach-Destin, FL", "population": 224410 },
  { "name": "Crossville, TN", "population": 50574 },
  { "name": "Cullman, AL", "population": 68240 },
  { "name": "Cullowhee, NC", "population": 46765 },
  { "name": "Cumberland, MD-WV", "population": 77472 },
  { "name": "Dallas-Fort Worth-Arlington, TX", "population": 5708411 },
  { "name": "Dalton, GA", "population": 106472 },
  { "name": "Danville, IL", "population": 57211 },
  { "name": "Danville, KY", "population": 42902 },
  { "name": "Danville, VA", "population": 82552 },
  { "name": "Daphne-Fairhope-Foley, AL", "population": 182471 },
  { "name": "Davenport-Moline-Rock Island, IA-IL", "population": 296767 },
  { "name": "Dayton-Kettering, OH", "population": 636638 },
  { "name": "Dayton, TN", "population": 25634 },
  { "name": "Decatur, AL", "population": 121363 },
  { "name": "Decatur, IL", "population": 80964 },
  { "name": "Decatur, IN", "population": 24641 },
  { "name": "Defiance, OH", "population": 29420 },
  { "name": "Del Rio, TX", "population": 34971 },
  { "name": "Deltona-Daytona Beach-Ormond Beach, FL", "population": 554509 },
  { "name": "Deming, NM", "population": 19118 },
  { "name": "Denver-Aurora-Lakewood, CO", "population": 2309918 },
  { "name": "DeRidder, LA", "population": 27489 },
  { "name": "Des Moines-West Des Moines, IA", "population": 532784 },
  { "name": "Detroit-Warren-Dearborn, MI", "population": 3441067 },
  { "name": "Dickinson, ND", "population": 25710 },
  { "name": "Dixon, IL", "population": 27405 },
  { "name": "Dodge City, KS", "population": 23674 },
  { "name": "Dothan, AL", "population": 117107 },
  { "name": "Douglas, GA", "population": 38548 },
  { "name": "Dover, DE", "population": 139805 },
  { "name": "Dublin, GA", "population": 50142 },
  { "name": "DuBois, PA", "population": 65948 },
  { "name": "Dubuque, IA", "population": 76916 },
  { "name": "Duluth, MN-WI", "population": 234637 },
  { "name": "Dumas, TX", "population": 14944 },
  { "name": "Duncan, OK", "population": 32922 },
  { "name": "Durango, CO", "population": 45269 },
  { "name": "Durant, OK", "population": 35266 },
  { "name": "Durham-Chapel Hill, NC", "population": 519038 },
  { "name": "Dyersburg, TN", "population": 27943 },
  { "name": "Eagle Pass, TX", "population": 40929 },
  { "name": "East Stroudsburg, PA", "population": 134271 },
  { "name": "Easton, MD", "population": 30682 },
  { "name": "Eau Claire, WI", "population": 135329 },
  { "name": "Edwards, CO", "population": 43263 },
  { "name": "Effingham, IL", "population": 26584 },
  { "name": "El Campo, TX", "population": 31314 },
  { "name": "El Centro, CA", "population": 132200 },
  { "name": "El Dorado, AR", "population": 30008 },
  { "name": "El Paso, TX", "population": 647629 },
  { "name": "Elizabeth City, NC", "population": 42556 },
  { "name": "Elizabethtown-Fort Knox, KY", "population": 117778 },
  { "name": "Elk City, OK", "population": 17013 },
  { "name": "Elkhart-Goshen, IN", "population": 150481 },
  { "name": "Elkins, WV", "population": 22746 },
  { "name": "Elko, NV", "population": 39857 },
  { "name": "Ellensburg, WA", "population": 36115 },
  { "name": "Elmira, NY", "population": 66485 },
  { "name": "Emporia, KS", "population": 27138 },
  { "name": "Enid, OK", "population": 46510 },
  { "name": "Enterprise, AL", "population": 40774 },
  { "name": "Erie, PA", "population": 214341 },
  { "name": "Escanaba, MI", "population": 29711 },
  { "name": "Española, NM", "population": 31787 },
  { "name": "Eufaula, AL-GA", "population": 22004 },
  { "name": "Eugene-Springfield, OR", "population": 313477 },
  { "name": "Eureka-Arcata, CA", "population": 109809 },
  { "name": "Evanston, WY", "population": 14627 },
  { "name": "Evansville, IN-KY", "population": 243564 },
  { "name": "Fairbanks, AK", "population": 72748 },
  { "name": "Fairfield, IA", "population": 12724 },
  { "name": "Fairmont, MN", "population": 15673 },
  { "name": "Fairmont, WV", "population": 44894 },
  { "name": "Fallon, NV", "population": 19781 },
  { "name": "Fargo, ND-MN", "population": 191768 },
  { "name": "Faribault-Northfield, MN", "population": 52206 },
  { "name": "Farmington, MO", "population": 52905 },
  { "name": "Farmington, NM", "population": 89664 },
  { "name": "Fayetteville-Springdale-Rogers, AR", "population": 409023 },
  { "name": "Fayetteville, NC", "population": 390022 },
  { "name": "Fergus Falls, MN", "population": 47036 },
  { "name": "Fernley, NV", "population": 46118 },
  { "name": "Findlay, OH", "population": 58460 },
  { "name": "Fitzgerald, GA", "population": 13165 },
  { "name": "Flagstaff, AZ", "population": 115992 },
  { "name": "Flint, MI", "population": 315909 },
  { "name": "Florence-Muscle Shoals, AL", "population": 119986 },
  { "name": "Florence, SC", "population": 154840 },
  { "name": "Fond du Lac, WI", "population": 82059 },
  { "name": "Forest City, NC", "population": 51419 },
  { "name": "Forrest City, AR", "population": 18406 },
  { "name": "Fort Collins, CO", "population": 289333 },
  { "name": "Fort Dodge, IA", "population": 29204 },
  { "name": "Fort Leonard Wood, MO", "population": 41753 },
  { "name": "Fort Madison-Keokuk, IA-IL-MO", "population": 45331 },
  { "name": "Fort Morgan, CO", "population": 21390 },
  { "name": "Fort Payne, AL", "population": 53920 },
  { "name": "Fort Polk South, LA", "population": 36261 },
  { "name": "Fort Smith, AR-OK", "population": 185713 },
  { "name": "Fort Wayne, IN", "population": 313573 },
  { "name": "Frankfort, IN", "population": 24551 },
  { "name": "Frankfort, KY", "population": 58925 },
  { "name": "Fredericksburg, TX", "population": 21921 },
  { "name": "Freeport, IL", "population": 35131 },
  { "name": "Fremont, NE", "population": 28050 },
  { "name": "Fremont, OH", "population": 45950 },
  { "name": "Fresno, CA", "population": 730245 },
  { "name": "Gadsden, AL", "population": 81121 },
  { "name": "Gaffney, SC", "population": 43551 },
  { "name": "Gainesville, FL", "population": 276372 },
  { "name": "Gainesville, GA", "population": 153844 },
  { "name": "Gainesville, TX", "population": 31523 },
  { "name": "Galesburg, IL", "population": 40028 },
  { "name": "Gallup, NM", "population": 52680 },
  { "name": "Garden City, KS", "population": 30009 },
  { "name": "Gardnerville Ranchos, NV", "population": 41225 },
  { "name": "Georgetown, SC", "population": 52140 },
  { "name": "Gettysburg, PA", "population": 83005 },
  { "name": "Gillette, WY", "population": 44667 },
  { "name": "Glasgow, KY", "population": 41669 },
  { "name": "Glens Falls, NY", "population": 103495 },
  { "name": "Glenwood Springs, CO", "population": 60647 },
  { "name": "Gloversville, NY", "population": 42718 },
  { "name": "Goldsboro, NC", "population": 90502 },
  { "name": "Granbury, TX", "population": 49209 },
  { "name": "Grand Forks, ND-MN", "population": 81299 },
  { "name": "Grand Island, NE", "population": 56604 },
  { "name": "Grand Junction, CO", "population": 123055 },
  { "name": "Grand Rapids-Kentwood, MI", "population": 833039 },
  { "name": "Grand Rapids, MN", "population": 35503 },
  { "name": "Grants Pass, OR", "population": 71749 },
  { "name": "Grants, NM", "population": 20758 },
  { "name": "Great Bend, KS", "population": 19337 },
  { "name": "Great Falls, MT", "population": 65587 },
  { "name": "Greeley, CO", "population": 241833 },
  { "name": "Green Bay, WI", "population": 253252 },
  { "name": "Greeneville, TN", "population": 56339 },
  { "name": "Greensboro-High Point, NC", "population": 608861 },
  { "name": "Greensburg, IN", "population": 20317 },
  { "name": "Greenville-Anderson, SC", "population": 724074 },
  { "name": "Greenville, MS", "population": 34277 },
  { "name": "Greenville, NC", "population": 132273 },
  { "name": "Greenville, OH", "population": 39608 },
  { "name": "Greenwood, MS", "population": 29108 },
  { "name": "Greenwood, SC", "population": 54259 },
  { "name": "Grenada, MS", "population": 16697 },
  { "name": "Guayama, PR", "population": 56830 },
  { "name": "Gulfport-Biloxi, MS", "population": 319635 },
  { "name": "Guymon, OK", "population": 15122 },
  { "name": "Hagerstown-Martinsburg, MD-WV", "population": 228444 },
  { "name": "Hailey, ID", "population": 19981 },
  { "name": "Hammond, LA", "population": 101491 },
  { "name": "Hanford-Corcoran, CA", "population": 111935 },
  { "name": "Hannibal, MO", "population": 30014 },
  { "name": "Harrisburg-Carlisle, PA", "population": 466943 },
  { "name": "Harrison, AR", "population": 35011 },
  { "name": "Harrisonburg, VA", "population": 107815 },
  { "name": "Hartford-East Hartford-Middletown, CT", "population": 972992 },
  { "name": "Hastings, NE", "population": 23842 },
  { "name": "Hattiesburg, MS", "population": 132040 },
  { "name": "Hays, KS", "population": 22952 },
  { "name": "Heber, UT", "population": 56216 },
  { "name": "Helena-West Helena, AR", "population": 12328 },
  { "name": "Helena, MT", "population": 65251 },
  { "name": "Henderson, NC", "population": 32871 },
  { "name": "Hereford, TX", "population": 12949 },
  { "name": "Hermiston-Pendleton, OR", "population": 69235 },
  { "name": "Hickory-Lenoir-Morganton, NC", "population": 290293 },
  { "name": "Hillsdale, MI", "population": 35596 },
  { "name": "Hilo, HI", "population": 158711 },
  { "name": "Hilton Head Island-Bluffton, SC", "population": 174870 },
  { "name": "Hinesville, GA", "population": 59248 },
  { "name": "Hobbs, NM", "population": 52736 },
  { "name": "Holland, MI", "population": 91395 },
  { "name": "Homosassa Springs, FL", "population": 131487 },
  { "name": "Hood River, OR", "population": 18372 },
  { "name": "Hope, AR", "population": 21457 },
  { "name": "Hot Springs, AR", "population": 79730 },
  { "name": "Houghton, MI", "population": 31591 },
  { "name": "Houma-Thibodaux, LA", "population": 157124 },
  { "name": "Houston-The Woodlands-Sugar Land, TX", "population": 5285307 },
  { "name": "Hudson, NY", "population": 50848 },
  { "name": "Huntingdon, PA", "population": 36075 },
  { "name": "Huntington-Ashland, WV-KY-OH", "population": 283718 },
  { "name": "Huntington, IN", "population": 28604 },
  { "name": "Huntsville, AL", "population": 383861 },
  { "name": "Huntsville, TX", "population": 64843 },
  { "name": "Huron, SD", "population": 15217 },
  { "name": "Hutchinson, KS", "population": 48143 },
  { "name": "Hutchinson, MN", "population": 28494 },
  { "name": "Idaho Falls, ID", "population": 108499 },
  { "name": "Indiana, PA", "population": 67726 },
  { "name": "Indianapolis-Carmel-Anderson, IN", "population": 1594981 },
  { "name": "Indianola, MS", "population": 20456 },
  { "name": "Iowa City, IA", "population": 139157 },
  { "name": "Iron Mountain, MI-WI", "population": 24644 },
  { "name": "Ithaca, NY", "population": 90048 },
  { "name": "Jackson, MI", "population": 126350 },
  { "name": "Jackson, MS", "population": 456600 },
  { "name": "Jackson, OH", "population": 24906 },
  { "name": "Jackson, TN", "population": 139646 },
  { "name": "Jackson, WY-ID", "population": 27370 },
  { "name": "Jacksonville, FL", "population": 1252167 },
  { "name": "Jacksonville, IL", "population": 30285 },
  { "name": "Jacksonville, NC", "population": 157467 },
  { "name": "Jacksonville, TX", "population": 37887 },
  { "name": "Jamestown-Dunkirk-Fredonia, NY", "population": 101314 },
  { "name": "Jamestown, ND", "population": 17254 },
  { "name": "Janesville-Beloit, WI", "population": 126282 },
  { "name": "Jasper, AL", "population": 51667 },
  { "name": "Jasper, IN", "population": 42856 },
  { "name": "Jayuya, PR", "population": 11939 },
  { "name": "Jefferson City, MO", "population": 116682 },
  { "name": "Jefferson, GA", "population": 56451 },
  { "name": "Jennings, LA", "population": 24039 },
  { "name": "Jesup, GA", "population": 23105 },
  { "name": "Johnson City, TN", "population": 168304 },
  { "name": "Johnstown, PA", "population": 108388 },
  { "name": "Jonesboro, AR", "population": 101150 },
  { "name": "Joplin, MO", "population": 137057 },
  { "name": "Juneau, AK", "population": 25367 },
  { "name": "Kahului-Wailuku-Lahaina, HI", "population": 129739 },
  { "name": "Kalamazoo-Portage, MI", "population": 204328 },
  { "name": "Kalispell, MT", "population": 81505 },
  { "name": "Kankakee, IL", "population": 82954 },
  { "name": "Kansas City, MO-KS", "population": 1667892 },
  { "name": "Kapaa, HI", "population": 57544 },
  { "name": "Kearney, NE", "population": 43041 },
  { "name": "Keene, NH", "population": 62705 },
  { "name": "Kendallville, IN", "population": 35539 },
  { "name": "Kennett, MO", "population": 21317 },
  { "name": "Kennewick-Richland, WA", "population": 218946 },
  { "name": "Kerrville, TX", "population": 43270 },
  { "name": "Ketchikan, AK", "population": 10855 },
  { "name": "Key West, FL", "population": 70617 },
  { "name": "Kill Devil Hills, NC", "population": 30445 },
  { "name": "Killeen-Temple, TX", "population": 351625 },
  { "name": "Kingsport-Bristol, TN-VA", "population": 248691 },
  { "name": "Kingston, NY", "population": 149457 },
  { "name": "Kingsville, TX", "population": 24058 },
  { "name": "Kinston, NC", "population": 42923 },
  { "name": "Kirksville, MO", "population": 23450 },
  { "name": "Klamath Falls, OR", "population": 54901 },
  { "name": "Knoxville, TN", "population": 698271 },
  { "name": "Kokomo, IN", "population": 65147 },
  { "name": "La Crosse-Onalaska, WI-MN", "population": 111247 },
  { "name": "La Grande, OR", "population": 20379 },
  { "name": "Laconia, NH", "population": 52453 },
  { "name": "Lafayette-West Lafayette, IN", "population": 175592 },
  { "name": "Lafayette, LA", "population": 362025 },
  { "name": "LaGrange, GA-AL", "population": 80372 },
  { "name": "Lake Charles, LA", "population": 167524 },
  { "name": "Lake City, FL", "population": 54813 },
  { "name": "Lake Havasu City-Kingman, AZ", "population": 177461 },
  { "name": "Lakeland-Winter Haven, FL", "population": 566436 },
  { "name": "Lamesa, TX", "population": 9450 },
  { "name": "Lancaster, PA", "population": 425314 },
  { "name": "Lansing-East Lansing, MI", "population": 429210 },
  { "name": "Laramie, WY", "population": 30852 },
  { "name": "Laredo, TX", "population": 186454 },
  { "name": "Las Cruces, NM", "population": 167142 },
  { "name": "Las Vegas-Henderson-Paradise, NV", "population": 1751240 },
  { "name": "Las Vegas, NM", "population": 25410 },
  { "name": "Laurel, MS", "population": 63484 },
  { "name": "Laurinburg, NC", "population": 26845 },
  { "name": "Lawrence, KS", "population": 96316 },
  { "name": "Lawrenceburg, TN", "population": 33353 },
  { "name": "Lawton, OK", "population": 96386 },
  { "name": "Lebanon, MO", "population": 27397 },
  { "name": "Lebanon, NH-VT", "population": 182989 },
  { "name": "Lebanon, PA", "population": 111234 },
  { "name": "Levelland, TX", "population": 15937 },
  { "name": "Lewisburg, PA", "population": 34680 },
  { "name": "Lewisburg, TN", "population": 26287 },
  { "name": "Lewiston-Auburn, ME", "population": 87871 },
  { "name": "Lewiston, ID-WA", "population": 50771 },
  { "name": "Lewistown, PA", "population": 36057 },
  { "name": "Lexington-Fayette, KY", "population": 401907 },
  { "name": "Lexington, NE", "population": 18803 },
  { "name": "Liberal, KS", "population": 15257 },
  { "name": "Lima, OH", "population": 78419 },
  { "name": "Lincoln, IL", "population": 22539 },
  { "name": "Lincoln, NE", "population": 262021 },
  { "name": "Little Rock-North Little Rock-Conway, AR", "population": 574672 },
  { "name": "Lock Haven, PA", "population": 29598 },
  { "name": "Logan, UT-ID", "population": 103843 },
  { "name": "Logansport, IN", "population": 28711 },
  { "name": "London, KY", "population": 114935 },
  { "name": "Longview, TX", "population": 217440 },
  { "name": "Longview, WA", "population": 85596 },
  { "name": "Los Alamos, NM", "population": 15050 },
  { "name": "Los Angeles-Long Beach-Anaheim, CA", "population": 10479449 },
  { "name": "Louisville/Jefferson County, KY-IN", "population": 998304 },
  { "name": "Lubbock, TX", "population": 245362 },
  { "name": "Ludington, MI", "population": 23270 },
  { "name": "Lufkin, TX", "population": 65058 },
  { "name": "Lumberton, NC", "population": 88455 },
  { "name": "Lynchburg, VA", "population": 209610 },
  { "name": "Macomb, IL", "population": 22289 },
  { "name": "Macon-Bibb County, GA", "population": 180585 },
  { "name": "Madera, CA", "population": 113229 },
  { "name": "Madison, IN", "population": 26165 },
  { "name": "Madison, WI", "population": 541848 },
  { "name": "Madisonville, KY", "population": 35186 },
  { "name": "Magnolia, AR", "population": 17954 },
  { "name": "Malone, NY", "population": 37865 },
  { "name": "Malvern, AR", "population": 26041 },
  { "name": "Manchester-Nashua, NH", "population": 338264 },
  { "name": "Manhattan, KS", "population": 103543 },
  { "name": "Manitowoc, WI", "population": 64596 },
  { "name": "Mankato, MN", "population": 81651 },
  { "name": "Mansfield, OH", "population": 97883 },
  { "name": "Marietta, OH", "population": 47860 },
  { "name": "Marinette, WI-MI", "population": 53072 },
  { "name": "Marion, IN", "population": 52856 },
  { "name": "Marion, NC", "population": 35805 },
  { "name": "Marion, OH", "population": 51628 },
  { "name": "Marquette, MI", "population": 53919 },
  { "name": "Marshall, MN", "population": 18861 },
  { "name": "Marshall, MO", "population": 18120 },
  { "name": "Marshalltown, IA", "population": 30017 },
  { "name": "Martin, TN", "population": 26499 },
  { "name": "Martinsville, VA", "population": 51746 },
  { "name": "Maryville, MO", "population": 17004 },
  { "name": "Mason City, IA", "population": 40190 },
  { "name": "Mayagüez, PR", "population": 82562 },
  { "name": "Mayfield, KY", "population": 27768 },
  { "name": "Maysville, KY", "population": 13245 },
  { "name": "McAlester, OK", "population": 34104 },
  { "name": "McAllen-Edinburg-Mission, TX", "population": 608225 },
  { "name": "McComb, MS", "population": 30676 },
  { "name": "McMinnville, TN", "population": 31461 },
  { "name": "McPherson, KS", "population": 23584 },
  { "name": "Meadville, PA", "population": 66608 },
  { "name": "Medford, OR", "population": 178032 },
  { "name": "Memphis, TN-MS-AR", "population": 1015734 },
  { "name": "Menomonie, WI", "population": 36191 },
  { "name": "Merced, CA", "population": 200223 },
  { "name": "Meridian, MS", "population": 74790 },
  { "name": "Mexico, MO", "population": 19070 },
  { "name": "Miami-Fort Lauderdale-Pompano Beach, FL", "population": 4933282 },
  { "name": "Miami, OK", "population": 23192 },
  { "name": "Michigan City-La Porte, IN", "population": 88485 },
  { "name": "Middlesborough, KY", "population": 18995 },
  { "name": "Midland, MI", "population": 65392 },
  { "name": "Midland, TX", "population": 126830 },
  { "name": "Milledgeville, GA", "population": 43219 },
  { "name": "Milwaukee-Waukesha, WI", "population": 1217512 },
  { "name": "Minden, LA", "population": 28753 },
  { "name": "Mineral Wells, TX", "population": 22038 },
  { "name": "Minneapolis-St. Paul-Bloomington, MN-WI", "population": 2827768 },
  { "name": "Minot, ND", "population": 58683 },
  { "name": "Missoula, MT", "population": 95035 },
  { "name": "Mitchell, SD", "population": 17808 },
  { "name": "Moberly, MO", "population": 19421 },
  { "name": "Mobile, AL", "population": 331508 },
  { "name": "Modesto, CA", "population": 407908 },
  { "name": "Monroe, LA", "population": 156894 },
  { "name": "Monroe, MI", "population": 122008 },
  { "name": "Montgomery, AL", "population": 299238 },
  { "name": "Montrose, CO", "population": 37791 },
  { "name": "Morehead City, NC", "population": 56213 },
  { "name": "Morgan City, LA", "population": 37521 },
  { "name": "Morgantown, WV", "population": 115841 },
  { "name": "Morristown, TN", "population": 111949 },
  { "name": "Moscow, ID", "population": 31752 },
  { "name": "Moses Lake, WA", "population": 70900 },
  { "name": "Moultrie, GA", "population": 34193 },
  { "name": "Mount Airy, NC", "population": 56438 },
  { "name": "Mount Gay-Shamrock, WV", "population": 26129 },
  { "name": "Mount Pleasant, MI", "population": 52028 },
  { "name": "Mount Pleasant, TX", "population": 32000 },
  { "name": "Mount Sterling, KY", "population": 35733 },
  { "name": "Mount Vernon-Anacortes, WA", "population": 101710 },
  { "name": "Mount Vernon, IL", "population": 28846 },
  { "name": "Mount Vernon, OH", "population": 48296 },
  { "name": "Mountain Home, AR", "population": 34358 },
  { "name": "Mountain Home, ID", "population": 21446 },
  { "name": "Muncie, IN", "population": 90284 },
  { "name": "Murray, KY", "population": 30297 },
  { "name": "Muscatine, IA", "population": 32767 },
  { "name": "Muskegon, MI", "population": 136303 },
  { "name": "Muskogee, OK", "population": 51051 },
  { "name": "Myrtle Beach-Conway-North Myrtle Beach, SC-NC", "population": 406688 },
  { "name": "Nacogdoches, TX", "population": 50003 },
  { "name": "Napa, CA", "population": 110473 },
  { "name": "Naples-Marco Island, FL", "population": 313169 },
  { "name": "Nashville-Davidson--Murfreesboro--Franklin, TN", "population": 1533378 },
  { "name": "Natchez, MS-LA", "population": 37745 },
  { "name": "Natchitoches, LA", "population": 29349 },
  { "name": "New Bern, NC", "population": 97742 },
  { "name": "New Castle, IN", "population": 39055 },
  { "name": "New Castle, PA", "population": 69056 },
  { "name": "New Haven-Milford, CT", "population": 690994 },
  { "name": "New Orleans-Metairie, LA", "population": 989736 },
  { "name": "New Philadelphia-Dover, OH", "population": 72057 },
  { "name": "New Ulm, MN", "population": 20310 },
  { "name": "New York-Newark-Jersey City, NY-NJ-PA", "population": 15938725 },
  { "name": "Newberry, SC", "population": 29709 },
  { "name": "Newport, OR", "population": 42380 },
  { "name": "Newport, TN", "population": 28934 },
  { "name": "Niles, MI", "population": 121067 },
  { "name": "Nogales, AZ", "population": 35215 },
  { "name": "Norfolk, NE", "population": 36548 },
  { "name": "North Platte, NE", "population": 27439 },
  { "name": "North Port-Sarasota-Bradenton, FL", "population": 701097 },
  { "name": "North Vernon, IN", "population": 21054 },
  { "name": "North Wilkesboro, NC", "population": 52651 },
  { "name": "Norwalk, OH", "population": 44780 },
  { "name": "Norwich-New London, CT", "population": 216922 },
  { "name": "Oak Harbor, WA", "population": 71175 },
  { "name": "Ocala, FL", "population": 308357 },
  { "name": "Ocean City, NJ", "population": 78971 },
  { "name": "Odessa, TX", "population": 119460 },
  { "name": "Ogden-Clearfield, UT", "population": 483383 },
  { "name": "Ogdensburg-Massena, NY", "population": 86264 },
  { "name": "Oil City, PA", "population": 40320 },
  { "name": "Okeechobee, FL", "population": 30932 },
  { "name": "Oklahoma City, OK", "population": 1077799 },
  { "name": "Olean, NY", "population": 60217 },
  { "name": "Olympia-Lacey-Tumwater, WA", "population": 231089 },
  { "name": "Omaha-Council Bluffs, NE-IA", "population": 720776 },
  { "name": "Oneonta, NY", "population": 48464 },
  { "name": "Ontario, OR-ID", "population": 42500 },
  { "name": "Opelousas, LA", "population": 61811 },
  { "name": "Orangeburg, SC", "population": 66567 },
  { "name": "Orlando-Kissimmee-Sanford, FL", "population": 2096840 },
  { "name": "Oshkosh-Neenah, WI", "population": 136202 },
  { "name": "Oskaloosa, IA", "population": 16933 },
  { "name": "Othello, WA", "population": 13630 },
  { "name": "Ottawa, IL", "population": 117285 },
  { "name": "Ottawa, KS", "population": 19927 },
  { "name": "Ottumwa, IA", "population": 26940 },
  { "name": "Owatonna, MN", "population": 28066 },
  { "name": "Owensboro, KY", "population": 92525 },
  { "name": "Oxford, MS", "population": 45658 },
  { "name": "Oxnard-Thousand Oaks-Ventura, CA", "population": 656198 },
  { "name": "Ozark, AL", "population": 38048 },
  { "name": "Paducah, KY-IL", "population": 77257 },
  { "name": "Pahrump, NV", "population": 43104 },
  { "name": "Palatka, FL", "population": 58184 },
  { "name": "Palestine, TX", "population": 47381 },
  { "name": "Palm Bay-Melbourne-Titusville, FL", "population": 497095 },
  { "name": "Pampa, TX", "population": 16728 },
  { "name": "Panama City, FL", "population": 139659 },
  { "name": "Paragould, AR", "population": 34486 },
  { "name": "Paris, TN", "population": 25561 },
  { "name": "Paris, TX", "population": 38400 },
  { "name": "Parkersburg-Vienna, WV", "population": 71029 },
  { "name": "Parsons, KS", "population": 15103 },
  { "name": "Payson, AZ", "population": 43006 },
  { "name": "Pearsall, TX", "population": 13825 },
  { "name": "Pecos, TX", "population": 11659 },
  { "name": "Pella, IA", "population": 25620 },
  { "name": "Pensacola-Ferry Pass-Brent, FL", "population": 403339 },
  { "name": "Peoria, IL", "population": 310740 },
  { "name": "Peru, IN", "population": 28125 },
  { "name": "Philadelphia-Camden-Wilmington, PA-NJ-DE-MD", "population": 4920471 },
  { "name": "Phoenix-Mesa-Chandler, AZ", "population": 3708026 },
  { "name": "Picayune, MS", "population": 43337 },
  { "name": "Pierre, SD", "population": 15741 },
  { "name": "Pine Bluff, AR", "population": 70073 },
  { "name": "Pinehurst-Southern Pines, NC", "population": 78212 },
  { "name": "Pittsburg, KS", "population": 30158 },
  { "name": "Pittsburgh, PA", "population": 1928318 },
  { "name": "Pittsfield, MA", "population": 106768 },
  { "name": "Plainview, TX", "population": 24143 },
  { "name": "Platteville, WI", "population": 40847 },
  { "name": "Plattsburgh, NY", "population": 65038 },
  { "name": "Plymouth, IN", "population": 34639 },
  { "name": "Pocatello, ID", "population": 69857 },
  { "name": "Point Pleasant, WV-OH", "population": 42647 },
  { "name": "Ponca City, OK", "population": 33077 },
  { "name": "Ponce, PR", "population": 184281 },
  { "name": "Pontiac, IL", "population": 27963 },
  { "name": "Poplar Bluff, MO", "population": 40589 },
  { "name": "Port Angeles, WA", "population": 64588 },
  { "name": "Port Lavaca, TX", "population": 15502 },
  { "name": "Port St. Lucie, FL", "population": 395996 },
  { "name": "Portales, NM", "population": 14440 },
  { "name": "Portland-South Portland, ME", "population": 450500 },
  { "name": "Portland-Vancouver-Hillsboro, OR-WA", "population": 1984240 },
  { "name": "Portsmouth, OH", "population": 58128 },
  { "name": "Pottsville, PA", "population": 115932 },
  { "name": "Poughkeepsie-Newburgh-Middletown, NY", "population": 538926 },
  { "name": "Prescott Valley-Prescott, AZ", "population": 199136 },
  { "name": "Price, UT", "population": 15185 },
  { "name": "Prineville, OR", "population": 19871 },
  { "name": "Providence-Warwick, RI-MA", "population": 1349470 },
  { "name": "Provo-Orem, UT", "population": 451022 },
  { "name": "Pueblo, CO", "population": 130863 },
  { "name": "Pullman, WA", "population": 40521 },
  { "name": "Punta Gorda, FL", "population": 164240 },
  { "name": "Quincy, IL-MO", "population": 58931 },
  { "name": "Racine, WI", "population": 153051 },
  { "name": "Raleigh-Cary, NC", "population": 1073322 },
  { "name": "Rapid City, SD", "population": 107136 },
  { "name": "Raymondville, TX", "population": 15484 },
  { "name": "Reading, PA", "population": 333658 },
  { "name": "Red Bluff, CA", "population": 49851 },
  { "name": "Red Wing, MN", "population": 36901 },
  { "name": "Redding, CA", "population": 143512 },
  { "name": "Reno, NV", "population": 387332 },
  { "name": "Rexburg, ID", "population": 51839 },
  { "name": "Richmond-Berea, KY", "population": 84429 },
  { "name": "Richmond, IN", "population": 51683 },
  { "name": "Richmond, VA", "population": 1032323 },
  { "name": "Rio Grande City-Roma, TX", "population": 46110 },
  { "name": "Riverside-San Bernardino-Ontario, CA", "population": 3452547 },
  { "name": "Riverton, WY", "population": 29597 },
  { "name": "Roanoke Rapids, NC", "population": 53347 },
  { "name": "Roanoke, VA", "population": 251768 },
  { "name": "Rochelle, IL", "population": 39983 },
  { "name": "Rochester, MN", "population": 172418 },
  { "name": "Rochester, NY", "population": 868569 },
  { "name": "Rock Springs, WY", "population": 31070 },
  { "name": "Rockford, IL", "population": 260138 },
  { "name": "Rockingham, NC", "population": 33238 },
  { "name": "Rockport, TX", "population": 19816 },
  { "name": "Rocky Mount, NC", "population": 112763 },
  { "name": "Rolla, MO", "population": 35493 },
  { "name": "Rome, GA", "population": 76295 },
  { "name": "Roseburg, OR", "population": 89959 },
  { "name": "Roswell, NM", "population": 47971 },
  { "name": "Ruidoso, NM", "population": 16678 },
  { "name": "Russellville, AR", "population": 64299 },
  { "name": "Ruston, LA", "population": 38655 },
  { "name": "Rutland, VT", "population": 50012 },
  { "name": "Sacramento-Roseville-Folsom, CA", "population": 1853765 },
  { "name": "Safford, AZ", "population": 27715 },
  { "name": "Saginaw, MI", "population": 148604 },
  { "name": "Salem, OH", "population": 81318 },
  { "name": "Salem, OR", "population": 330394 },
  { "name": "Salina, KS", "population": 46148 },
  { "name": "Salinas, CA", "population": 327777 },
  { "name": "Salisbury, MD-DE", "population": 338511 },
  { "name": "Salt Lake City, UT", "population": 923634 },
  { "name": "San Angelo, TX", "population": 93954 },
  { "name": "San Antonio-New Braunfels, TX", "population": 1931398 },
  { "name": "San Diego-Chula Vista-Carlsbad, CA", "population": 2608768 },
  { "name": "San Francisco-Oakland-Berkeley, CA", "population": 3821485 },
  { "name": "San Germán, PR", "population": 104344 },
  { "name": "San Jose-Sunnyvale-Santa Clara, CA", "population": 1577632 },
  { "name": "San Juan-Bayamón-Caguas, PR", "population": 1725642 },
  { "name": "San Luis Obispo-Paso Robles, CA", "population": 231744 },
  { "name": "Sandpoint, ID", "population": 37908 },
  { "name": "Sandusky, OH", "population": 60530 },
  { "name": "Sanford, NC", "population": 48392 },
  { "name": "Santa Cruz-Watsonville, CA", "population": 219764 },
  { "name": "Santa Fe, NM", "population": 127850 },
  { "name": "Santa Isabel, PR", "population": 16462 },
  { "name": "Santa Maria-Santa Barbara, CA", "population": 350805 },
  { "name": "Santa Rosa-Petaluma, CA", "population": 393152 },
  { "name": "Sault Ste. Marie, MI", "population": 29926 },
  { "name": "Savannah, GA", "population": 313838 },
  { "name": "Sayre, PA", "population": 46941 },
  { "name": "Scottsbluff, NE", "population": 28787 },
  { "name": "Scottsboro, AL", "population": 41768 },
  { "name": "Scottsburg, IN", "population": 18845 },
  { "name": "Scranton--Wilkes-Barre, PA", "population": 457125 },
  { "name": "Searcy, AR", "population": 58935 },
  { "name": "Seattle-Tacoma-Bellevue, WA", "population": 3162633 },
  { "name": "Sebastian-Vero Beach, FL", "population": 134386 },
  { "name": "Sebring-Avon Park, FL", "population": 83524 },
  { "name": "Sedalia, MO", "population": 32204 },
  { "name": "Selinsgrove, PA", "population": 31144 },
  { "name": "Selma, AL", "population": 29613 },
  { "name": "Seneca Falls, NY", "population": 26820 },
  { "name": "Seneca, SC", "population": 63579 },
  { "name": "Sevierville, TN", "population": 78359 },
  { "name": "Seymour, IN", "population": 34993 },
  { "name": "Shawano, WI", "population": 35050 },
  { "name": "Shawnee, OK", "population": 55464 },
  { "name": "Sheboygan, WI", "population": 92434 },
  { "name": "Shelby, NC", "population": 78032 },
  { "name": "Shelbyville, TN", "population": 37654 },
  { "name": "Shelton, WA", "population": 53265 },
  { "name": "Sheridan, WY", "population": 24303 },
  { "name": "Sherman-Denison, TX", "population": 103923 },
  { "name": "Show Low, AZ", "population": 79208 },
  { "name": "Shreveport-Bossier City, LA", "population": 298723 },
  { "name": "Sidney, OH", "population": 36270 },
  { "name": "Sierra Vista-Douglas, AZ", "population": 99330 },
  { "name": "Sikeston, MO", "population": 28941 },
  { "name": "Silver City, NM", "population": 22831 },
  { "name": "Sioux City, IA-NE-SD", "population": 110577 },
  { "name": "Sioux Falls, SD", "population": 205410 },
  { "name": "Snyder, TX", "population": 12649 },
  { "name": "Somerset, KY", "population": 50635 },
  { "name": "Somerset, PA", "population": 60695 },
  { "name": "Sonora, CA", "population": 46268 },
  { "name": "South Bend-Mishawaka, IN-MI", "population": 250714 },
  { "name": "Spartanburg, SC", "population": 252012 },
  { "name": "Spearfish, SD", "population": 20823 },
  { "name": "Spencer, IA", "population": 12704 },
  { "name": "Spirit Lake, IA", "population": 14332 },
  { "name": "Spokane-Spokane Valley, WA", "population": 458159 },
  { "name": "Springfield, IL", "population": 162695 },
  { "name": "Springfield, MA", "population": 564652 },
  { "name": "Springfield, MO", "population": 368530 },
  { "name": "Springfield, OH", "population": 105692 },
  { "name": "St. Cloud, MN", "population": 151859 },
  { "name": "St. George, UT", "population": 132737 },
  { "name": "St. Joseph, MO-KS", "population": 94612 },
  { "name": "St. Louis, MO-IL", "population": 2201587 },
  { "name": "St. Marys, GA", "population": 41808 },
  { "name": "St. Marys, PA", "population": 25229 },
  { "name": "Starkville, MS", "population": 50407 },
  { "name": "State College, PA", "population": 134439 },
  { "name": "Statesboro, GA", "population": 64494 },
  { "name": "Staunton, VA", "population": 100446 },
  { "name": "Steamboat Springs, CO", "population": 20060 },
  { "name": "Stephenville, TX", "population": 33837 },
  { "name": "Sterling, CO", "population": 17431 },
  { "name": "Sterling, IL", "population": 43617 },
  { "name": "Stevens Point, WI", "population": 56525 },
  { "name": "Stillwater, OK", "population": 66441 },
  { "name": "Stockton, CA", "population": 573400 },
  { "name": "Storm Lake, IA", "population": 15327 },
  { "name": "Sturgis, MI", "population": 45987 },
  { "name": "Sulphur Springs, TX", "population": 27871 },
  { "name": "Summerville, GA", "population": 19416 },
  { "name": "Sumter, SC", "population": 106451 },
  { "name": "Sunbury, PA", "population": 73275 },
  { "name": "Susanville, CA", "population": 27226 },
  { "name": "Sweetwater, TX", "population": 11028 },
  { "name": "Syracuse, NY", "population": 525443 },
  { "name": "Tahlequah, OK", "population": 35989 },
  { "name": "Talladega-Sylacauga, AL", "population": 65024 },
  { "name": "Tallahassee, FL", "population": 310117 },
  { "name": "Tampa-St. Petersburg-Clearwater, FL", "population": 2555842 },
  { "name": "Taos, NM", "population": 28445 },
  { "name": "Taylorville, IL", "population": 27218 },
  { "name": "Terre Haute, IN", "population": 146025 },
  { "name": "Texarkana, TX-AR", "population": 113615 },
  { "name": "The Dalles, OR", "population": 20973 },
  { "name": "The Villages, FL", "population": 120696 },
  { "name": "Thomaston, GA", "population": 21711 },
  { "name": "Thomasville, GA", "population": 35037 },
  { "name": "Tiffin, OH", "population": 43031 },
  { "name": "Tifton, GA", "population": 31224 },
  { "name": "Toccoa, GA", "population": 21163 },
  { "name": "Toledo, OH", "population": 505419 },
  { "name": "Topeka, KS", "population": 178364 },
  { "name": "Torrington, CT", "population": 151879 },
  { "name": "Traverse City, MI", "population": 124185 },
  { "name": "Trenton-Princeton, NJ", "population": 304672 },
  { "name": "Troy, AL", "population": 26809 },
  { "name": "Truckee-Grass Valley, CA", "population": 84331 },
  { "name": "Tucson, AZ", "population": 834265 },
  { "name": "Tullahoma-Manchester, TN", "population": 84126 },
  { "name": "Tulsa, OK", "population": 769291 },
  { "name": "Tupelo, MS", "population": 124937 },
  { "name": "Tuscaloosa, AL", "population": 212024 },
  { "name": "Twin Falls, ID", "population": 82346 },
  { "name": "Tyler, TX", "population": 177458 },
  { "name": "Ukiah, CA", "population": 72751 },
  { "name": "Union City, TN", "population": 24096 },
  { "name": "Union, SC", "population": 21422 },
  { "name": "Urban Honolulu, HI", "population": 809839 },
  { "name": "Urbana, OH", "population": 29878 },
  { "name": "Utica-Rome, NY", "population": 230181 },
  { "name": "Uvalde, TX", "population": 18480 },
  { "name": "Valdosta, GA", "population": 111813 },
  { "name": "Vallejo, CA", "population": 354770 },
  { "name": "Van Wert, OH", "population": 22063 },
  { "name": "Vermillion, SD", "population": 12399 },
  { "name": "Vernal, UT", "population": 23846 },
  { "name": "Vernon, TX", "population": 9921 },
  { "name": "Vicksburg, MS", "population": 34312 },
  { "name": "Victoria, TX", "population": 74303 },
  { "name": "Vidalia, GA", "population": 27053 },
  { "name": "Vincennes, IN", "population": 28289 },
  { "name": "Vineland-Bridgeton, NJ", "population": 118421 },
  { "name": "Vineyard Haven, MA", "population": 17281 },
  { "name": "Virginia Beach-Norfolk-Newport News, VA-NC", "population": 1408981 },
  { "name": "Visalia, CA", "population": 331093 },
  { "name": "Wabash, IN", "population": 24287 },
  { "name": "Waco, TX", "population": 210837 },
  { "name": "Wahpeton, ND-MN", "population": 17805 },
  { "name": "Walla Walla, WA", "population": 49597 },
  { "name": "Wapakoneta, OH", "population": 35366 },
  { "name": "Warner Robins, GA", "population": 144229 },
  { "name": "Warren, PA", "population": 31105 },
  { "name": "Warrensburg, MO", "population": 41848 },
  { "name": "Warsaw, IN", "population": 61326 },
  { "name": "Washington Court House, OH", "population": 22198 },
  { "name": "Washington-Arlington-Alexandria, DC-VA-MD-WV", "population": 4939663 },
  { "name": "Washington, IN", "population": 23699 },
  { "name": "Washington, NC", "population": 36005 },
  { "name": "Waterloo-Cedar Falls, IA", "population": 131055 },
  { "name": "Watertown-Fort Atkinson, WI", "population": 66349 },
  { "name": "Watertown-Fort Drum, NY", "population": 90038 },
  { "name": "Watertown, SD", "population": 25878 },
  { "name": "Wauchula, FL", "population": 18840 },
  { "name": "Wausau-Weston, WI", "population": 129894 },
  { "name": "Waycross, GA", "population": 42687 },
  { "name": "Weatherford, OK", "population": 21464 },
  { "name": "Weirton-Steubenville, WV-OH", "population": 94751 },
  { "name": "Wenatchee, WA", "population": 93604 },
  { "name": "West Plains, MO", "population": 30281 },
  { "name": "West Point, MS", "population": 14614 },
  { "name": "Wheeling, WV-OH", "population": 112812 },
  { "name": "Whitewater, WI", "population": 84970 },
  { "name": "Wichita Falls, TX", "population": 115448 },
  { "name": "Wichita, KS", "population": 485778 },
  { "name": "Williamsport, PA", "population": 90800 },
  { "name": "Williston, ND", "population": 29793 },
  { "name": "Willmar, MN", "population": 32859 },
  { "name": "Wilmington, NC", "population": 230721 },
  { "name": "Wilmington, OH", "population": 32671 },
  { "name": "Wilson, NC", "population": 61055 },
  { "name": "Winchester, VA-WV", "population": 111242 },
  { "name": "Winfield, KS", "population": 26392 },
  { "name": "Winnemucca, NV", "population": 12756 },
  { "name": "Winona, MN", "population": 40382 },
  { "name": "Winston-Salem, NC", "population": 528884 },
  { "name": "Wisconsin Rapids-Marshfield, WI", "population": 58544 },
  { "name": "Woodward, OK", "population": 18398 },
  { "name": "Wooster, OH", "population": 88837 },
  { "name": "Worcester, MA-CT", "population": 776855 },
  { "name": "Worthington, MN", "population": 16056 },
  { "name": "Yakima, WA", "population": 184371 },
  { "name": "Yankton, SD", "population": 18382 },
  { "name": "Yauco, PR", "population": 71360 },
  { "name": "York-Hanover, PA", "population": 356368 },
  { "name": "Youngstown-Warren-Boardman, OH-PA", "population": 434484 },
  { "name": "Yuba City, CA", "population": 134126 },
  { "name": "Yuma, AZ", "population": 153169 },
  { "name": "Zanesville, OH", "population": 66950 },
  { "name": "Zapata, TX", "population": 9592 }
]
